-- phpMyAdmin SQL Dump
-- version 5.1.1
-- https://www.phpmyadmin.net/
--
-- Host: 127.0.0.1
-- Generation Time: Jul 22, 2023 at 06:01 AM
-- Server version: 10.4.22-MariaDB
-- PHP Version: 8.0.13

SET SQL_MODE = "NO_AUTO_VALUE_ON_ZERO";
START TRANSACTION;
SET time_zone = "+00:00";


/*!40101 SET @OLD_CHARACTER_SET_CLIENT=@@CHARACTER_SET_CLIENT */;
/*!40101 SET @OLD_CHARACTER_SET_RESULTS=@@CHARACTER_SET_RESULTS */;
/*!40101 SET @OLD_COLLATION_CONNECTION=@@COLLATION_CONNECTION */;
/*!40101 SET NAMES utf8mb4 */;

--
-- Database: `valuda`
--

-- --------------------------------------------------------

--
-- Table structure for table `clan`
--

CREATE TABLE `clan` (
  `id` int(11) NOT NULL,
  `clan_name` varchar(50) NOT NULL,
  `parent_clan` int(11) DEFAULT NULL
) ENGINE=InnoDB DEFAULT CHARSET=utf8mb4;

--
-- Dumping data for table `clan`
--

INSERT INTO `clan` (`id`, `clan_name`, `parent_clan`) VALUES
(1, 'PADARWALA', NULL),
(2, 'KHADAD', NULL),
(3, 'GAJIWALA', 0),
(4, 'MADHIYA', NULL),
(5, 'NANDOLIYA', NULL),
(6, 'BHORANIYA', NULL),
(7, 'BAGA', NULL),
(8, 'MARKANIYA', 2),
(9, 'MAJAN', 2),
(11, 'GARDERA', 2),
(12, 'SURA', 2),
(13, 'ALAD', NULL),
(14, 'KADIWAL', 2),
(15, 'SIDHPURA', NULL),
(16, 'MAHESANIYA', NULL),
(17, 'SHELIYA', NULL),
(18, 'GADHIYA', 2),
(19, 'VALUDA', NULL),
(20, 'GULAR', 13),
(21, 'MASITIYA', 13),
(22, 'JALOTARIYA', 13),
(23, 'SUNASARA', NULL),
(24, 'PATEL', 1),
(25, 'DESI', 1),
(26, 'GADIYALI', 1),
(27, 'MASALAWALA', 23),
(28, 'DADAWALA', 1),
(29, 'JETHRA', 13),
(30, 'CHEENA', 1),
(31, 'KAPADIYA', 1),
(32, 'BADARPURA', NULL),
(33, 'KHOKHARA', 2),
(34, 'PENTER', 23),
(35, 'GUDIVALA', 1),
(36, 'GANDHI (RANUJ)', NULL),
(37, 'WAYSARA', 1),
(39, 'CHAUDHRY', NULL),
(41, 'GADHA', 23),
(42, 'KHARAWALA', NULL),
(43, 'MUKHI', NULL),
(44, 'EDI', NULL),
(45, 'SHERU', NULL),
(46, 'BHAGALIYA', NULL),
(48, 'AAA', NULL),
(50, 'basan', NULL);

-- --------------------------------------------------------

--
-- Table structure for table `expense_category`
--

CREATE TABLE `expense_category` (
  `id` int(11) NOT NULL,
  `e_category` varchar(20) NOT NULL,
  `e_subcategory` int(11) DEFAULT NULL
) ENGINE=InnoDB DEFAULT CHARSET=utf8mb4;

--
-- Dumping data for table `expense_category`
--

INSERT INTO `expense_category` (`id`, `e_category`, `e_subcategory`) VALUES
(1, 'Tea', NULL),
(4, 'Chay', 1),
(5, 'Lightbill', NULL),
(6, 'water', NULL);

-- --------------------------------------------------------

--
-- Table structure for table `expense_master`
--

CREATE TABLE `expense_master` (
  `id` int(11) NOT NULL,
  `e_title` varchar(50) NOT NULL,
  `e_disc` varchar(50) NOT NULL,
  `e_date` date NOT NULL,
  `e_expense_by` varchar(50) NOT NULL,
  `e_check_cash` varchar(50) NOT NULL,
  `e_received` double NOT NULL,
  `category_id` int(11) NOT NULL
) ENGINE=InnoDB DEFAULT CHARSET=utf8mb4;

--
-- Dumping data for table `expense_master`
--

INSERT INTO `expense_master` (`id`, `e_title`, `e_disc`, `e_date`, `e_expense_by`, `e_check_cash`, `e_received`, `category_id`) VALUES
(2, 'house lightbill', 'house lightbill handel by rahmatullah bhai valuda.', '2023-05-04', 'rahmatullah bhai', 'check', 670, 5),
(7, 'hot chay', 'hot chay', '2023-05-09', 'husen', 'cash', 100, 4),
(10, 'houses lightbills', 'houses lightbill is the most weapon', '2023-05-12', '', 'cash', 330, 5);

-- --------------------------------------------------------

--
-- Table structure for table `income_category`
--

CREATE TABLE `income_category` (
  `id` int(11) NOT NULL,
  `i_category` varchar(50) NOT NULL,
  `i_subcategory` int(11) DEFAULT NULL
) ENGINE=InnoDB DEFAULT CHARSET=utf8mb4;

--
-- Dumping data for table `income_category`
--

INSERT INTO `income_category` (`id`, `i_category`, `i_subcategory`) VALUES
(1, 'zakat', NULL),
(3, 'sadka', NULL),
(4, 'lillah', NULL),
(5, 'fitrah', NULL);

-- --------------------------------------------------------

--
-- Table structure for table `income_master`
--

CREATE TABLE `income_master` (
  `id` int(11) NOT NULL,
  `i_title` varchar(50) NOT NULL,
  `i_disc` varchar(50) NOT NULL,
  `i_date` date NOT NULL,
  `i_collected_by` varchar(50) NOT NULL,
  `i_payments` varchar(50) NOT NULL,
  `i_received` double NOT NULL,
  `category_id` int(11) NOT NULL
) ENGINE=InnoDB DEFAULT CHARSET=utf8mb4;

--
-- Dumping data for table `income_master`
--

INSERT INTO `income_master` (`id`, `i_title`, `i_disc`, `i_date`, `i_collected_by`, `i_payments`, `i_received`, `category_id`) VALUES
(3, 'masjid sadkaa', 'all masjid in majadar are provided sadka box, so p', '1234-11-13', 'ataullah bhai', 'cash', 76270, 3);

-- --------------------------------------------------------

--
-- Table structure for table `member`
--

CREATE TABLE `member` (
  `id` double NOT NULL,
  `roll_no` int(11) NOT NULL,
  `f_name` varchar(50) NOT NULL,
  `m_name` varchar(50) NOT NULL,
  `l_name` varchar(50) NOT NULL,
  `g_f_name` varchar(50) DEFAULT NULL,
  `g_m_name` varchar(50) DEFAULT NULL,
  `g_l_name` varchar(50) DEFAULT NULL,
  `join_date` date NOT NULL,
  `pre_entry` double NOT NULL,
  `clanid` int(11) NOT NULL,
  `m_number` int(11) DEFAULT NULL
) ENGINE=InnoDB DEFAULT CHARSET=utf8mb4;

--
-- Dumping data for table `member`
--

INSERT INTO `member` (`id`, `roll_no`, `f_name`, `m_name`, `l_name`, `g_f_name`, `g_m_name`, `g_l_name`, `join_date`, `pre_entry`, `clanid`, `m_number`) VALUES
(2, 33, 'MUSTAK', 'ASHRAF', 'PADARVALA (FIDALI)', NULL, NULL, NULL, '2023-04-17', 0, 1, NULL),
(3, 2, 'Ashfak', 'Ashraf', 'Padarvala Fidali', NULL, NULL, NULL, '0000-00-00', 0, 1, NULL),
(4, 3, 'Salman', 'Ashraf', 'Padarvala Fidali', NULL, NULL, NULL, '0000-00-00', 0, 1, NULL),
(5, 4, 'Noman', 'Ashraf', 'Padarval Fidali', NULL, NULL, NULL, '0000-00-00', 0, 1, NULL),
(6, 5, 'Mo.Safvan', 'Mo.Irfan', 'Nandoliya', NULL, NULL, NULL, '0000-00-00', 0, 5, NULL),
(7, 6, 'Mo.Irshad', 'Ishak', 'Khadad', NULL, NULL, NULL, '0000-00-00', 0, 2, NULL),
(8, 7, 'Mohammad', 'Ishak', 'Khadad', NULL, NULL, NULL, '0000-00-00', 0, 2, NULL),
(11, 9, 'Imran', 'Abubakar', 'Padarvala', NULL, NULL, NULL, '0000-00-00', 0, 1, NULL),
(12, 10, 'Juber', 'Gulam Rasul', 'Gardera', NULL, NULL, NULL, '0000-00-00', 0, 2, NULL),
(13, 11, 'Farhad', 'Juber', 'Gardera', NULL, NULL, NULL, '0000-00-00', 0, 2, NULL),
(14, 12, 'Faisal', 'Juber', 'Gardera', NULL, NULL, NULL, '0000-00-00', 0, 2, NULL),
(17, 16, 'Mo.Irfan', 'Adam', 'Nandoliya', NULL, NULL, NULL, '0000-00-00', 0, 5, NULL),
(18, 17, 'Mo.Ahmad', 'Mo.Adam', 'Nandoliya', NULL, NULL, NULL, '0000-00-00', 0, 5, NULL),
(19, 18, 'Raees', 'Abdul', 'Markaniya', NULL, NULL, NULL, '0000-00-00', 0, 2, NULL),
(20, 20, 'Mo.Ubedullah', 'Mohammad', 'Padarvala', NULL, NULL, NULL, '0000-00-00', 0, 1, NULL),
(22, 22, 'Amir', 'Faruk', 'Nandoliya', NULL, NULL, NULL, '0000-00-00', 0, 5, NULL),
(23, 23, 'Mo.Musa', 'Mo.isha', 'Padarvala', NULL, NULL, NULL, '0000-00-00', 0, 1, NULL),
(24, 24, 'Mo.Masud', 'Mo.Isha', 'Padarvala', NULL, NULL, NULL, '0000-00-00', 0, 1, NULL),
(25, 25, 'Ayaz', 'Yunus', 'Madhiya', NULL, NULL, NULL, '0000-00-00', 0, 4, NULL),
(27, 28, 'Arif', 'Abubakar', 'Padarvala vanat', NULL, NULL, NULL, '0000-00-00', 0, 1, NULL),
(31, 32, 'Rafik', 'Nashir', 'Padarvala', NULL, NULL, NULL, '0000-00-00', 0, 1, NULL),
(33, 35, 'Samir', 'Yunus', 'Nandoliya', NULL, NULL, NULL, '0000-00-00', 0, 5, NULL),
(35, 37, 'Muhammad', 'Mehmud', 'Gadhiya', NULL, NULL, NULL, '0000-00-00', 0, 2, NULL),
(39, 41, 'Mo.Salman', 'A.Razak', 'Gazivala', NULL, NULL, NULL, '0000-00-00', 0, 3, NULL),
(40, 42, 'Umar', 'A.Rahim', 'Shura', NULL, NULL, NULL, '0000-00-00', 0, 2, NULL),
(44, 46, 'A.Hamid', 'Alauddin', 'Padarvala', NULL, NULL, NULL, '0000-00-00', 0, 1, NULL),
(45, 47, 'Anas', 'A.Hamid', 'Padarvala', NULL, NULL, NULL, '0000-00-00', 0, 1, NULL),
(46, 48, 'Umar', 'Habib', 'Padarvala (Vanat)', NULL, NULL, NULL, '0000-00-00', 0, 1, NULL),
(47, 49, 'Atik', 'Umar', 'Padarvala (Vanat)', NULL, NULL, NULL, '0000-00-00', 0, 1, NULL),
(51, 4, 'siraj', 'Ahmad', 'Padarvala', NULL, NULL, NULL, '0000-00-00', 0, 1, NULL),
(52, 5, 'Nijamuddin', 'Ahmad', 'Padarvala (gudivala)', NULL, NULL, NULL, '0000-00-00', 0, 1, NULL),
(53, 5, 'Nijamuddin', 'Ahmad', 'Padarvala (gudivala)', NULL, NULL, NULL, '0000-00-00', 0, 1, NULL),
(54, 6, 'Ahmad', 'Habib', 'Padarvala', NULL, NULL, NULL, '0000-00-00', 0, 1, NULL),
(56, 8, 'Umer', 'Ibrahim', 'Padarvala (Gadyali)', NULL, NULL, NULL, '0000-00-00', 0, 1, NULL),
(57, 9, 'Muhammad', 'Faruk', 'Padarvala (Gudivala)', NULL, NULL, NULL, '0000-00-00', 0, 1, NULL),
(58, 10, 'Aslam', 'Ismail', 'Gajiwala', NULL, NULL, NULL, '0000-00-00', 0, 3, NULL),
(59, 11, 'Shuaib', 'Raees', 'Patel', NULL, NULL, NULL, '0000-00-00', 0, 1, NULL),
(60, 12, 'Shahid', 'Ibrahim', 'Padarvala', NULL, NULL, NULL, '0000-00-00', 0, 1, NULL),
(64, 16, 'A.Kaiyum', 'Abdul', 'Markaniya', NULL, NULL, NULL, '0000-00-00', 0, 2, NULL),
(65, 17, 'Sajid', 'A.Kaiyum', 'Markaniya', NULL, NULL, NULL, '0000-00-00', 0, 2, NULL),
(67, 19, 'Amin', 'Habib', 'Padarvala (Mogal)', NULL, NULL, NULL, '0000-00-00', 0, 1, NULL),
(68, 20, 'Mo.Irfan', 'A.Rahim', 'Padarvala (Super)', NULL, NULL, NULL, '0000-00-00', 0, 1, NULL),
(69, 27, 'Ejaz', 'Ayyub', 'Gajiwala', NULL, NULL, NULL, '0000-00-00', 0, 3, NULL),
(70, 28, 'A.Rashid', 'Idris', 'Nandoliya', NULL, NULL, NULL, '0000-00-00', 0, 5, NULL),
(71, 30, 'A.Latif', 'Dawood', 'Padarvala', NULL, NULL, NULL, '0000-00-00', 0, 1, NULL),
(72, 31, 'Mo.Afjal', 'A.Latif', 'Padarvala', NULL, NULL, NULL, '0000-00-00', 0, 1, NULL),
(73, 32, 'Mo.Fahad', 'A.Latif', 'Padarvala', NULL, NULL, NULL, '0000-00-00', 0, 1, NULL),
(79, 38, 'Aslam', 'Dawood', 'Padarvala', NULL, NULL, NULL, '0000-00-00', 0, 1, NULL),
(81, 40, 'Talha', 'Yunus', 'Madhiya', NULL, NULL, NULL, '0000-00-00', 0, 4, NULL),
(82, 41, 'Mo,Zainul Abidin', 'Yunus', 'Madhiya', NULL, NULL, NULL, '0000-00-00', 0, 4, NULL),
(84, 43, ' Rafik', 'Idris', 'Nandoliya', NULL, NULL, NULL, '0000-00-00', 0, 5, NULL),
(85, 44, 'Hasan', 'Rafik', 'Nandoliya', NULL, NULL, NULL, '0000-00-00', 0, 5, NULL),
(86, 45, 'Husen', 'Rafik', 'Nandoliya', NULL, NULL, NULL, '0000-00-00', 0, 5, NULL),
(92, 0, 'IRFAN', 'ISMAIL', 'SURA', NULL, NULL, NULL, '0023-03-25', 0, 2, NULL),
(93, 0, 'IMRAN', 'ISMAIL', 'SURA', NULL, NULL, NULL, '0023-03-25', 0, 2, NULL),
(94, 0, 'AKIL', 'IRFAN', 'SURA', NULL, NULL, NULL, '0023-03-25', 0, 2, NULL),
(95, 0, 'ISMAIL', 'ALIMOHAMMAD', 'SURA', NULL, NULL, NULL, '0023-03-25', 0, 2, NULL),
(96, 0, 'ISMAIL', 'ALIMOHAMMAD', 'SURA', NULL, NULL, NULL, '0023-03-25', 0, 2, NULL),
(97, 0, 'ASLAM', 'HABIB', 'SURA', NULL, NULL, NULL, '0023-03-25', 0, 2, NULL),
(98, 0, 'ABID', 'HABIB', 'SURA', NULL, NULL, NULL, '0023-03-25', 0, 2, NULL),
(99, 0, 'RAHMATULLAH', 'IDRIS', 'NODOLIYA', NULL, NULL, NULL, '0023-03-25', 0, 5, NULL),
(100, 0, 'SHAHID', 'RAHMATULLAH', 'NODOLIYA', NULL, NULL, NULL, '0023-03-26', 0, 5, NULL),
(101, 0, 'MOHAMMAD', 'RAHMATULLAH', 'NODOLIYA', NULL, NULL, NULL, '0023-03-26', 0, 5, NULL),
(102, 0, 'MAAZ', 'RAHMATULLAH', 'NODOLIYA', NULL, NULL, NULL, '0023-03-26', 0, 5, NULL),
(105, 0, 'RIJWAN', 'AIYYUB', 'BHORANIYA', NULL, NULL, NULL, '0023-03-26', 0, 6, NULL),
(106, 0, 'HARISH', 'AIYYUB', 'BHORANIYA', NULL, NULL, NULL, '0023-03-26', 0, 6, NULL),
(107, 0, 'ABUBAKKAR', 'GULAM RASSOL', 'BHORANIYA', NULL, NULL, NULL, '0023-03-26', 0, 6, NULL),
(108, 0, 'MOHAMMAD', 'ABUBAKKAR', 'BHORANIYA', NULL, NULL, NULL, '0023-03-26', 0, 6, NULL),
(109, 0, 'FARHAN', 'ABUBAKKAR', 'BHORANIYA', NULL, NULL, NULL, '0023-03-26', 0, 6, NULL),
(110, 0, 'RAHMATULLAH', 'GULAMRASOOL', 'BHORANIYA', NULL, NULL, NULL, '0023-03-26', 0, 6, NULL),
(111, 0, 'ABID', 'GULAMRASOOL', 'BHORANIYA', NULL, NULL, NULL, '0023-03-26', 0, 6, NULL),
(112, 0, 'AIYYUB', 'HABIB', 'SURA', NULL, NULL, NULL, '0023-03-28', 0, 2, NULL),
(113, 0, 'FAISAL', 'AAIYYUB', 'SURA', NULL, NULL, NULL, '0023-03-28', 0, 2, NULL),
(114, 0, 'ABBAS', 'HABIB', 'SURA', NULL, NULL, NULL, '0023-03-28', 0, 2, NULL),
(115, 0, 'MOHAMMAD', 'ABDULRAHIM', 'GAJIWALA', NULL, NULL, NULL, '0034-03-28', 0, 3, NULL),
(116, 0, 'SAJID', 'ABDULRAHIM', 'GAJIWALA', NULL, NULL, NULL, '0023-03-28', 0, 3, NULL),
(119, 0, 'ABDULHAMID', 'AIYYUB', 'MARKANIYA', NULL, NULL, NULL, '0023-03-28', 0, 8, NULL),
(120, 0, 'TOSIF', 'ABDULHAMID', 'MARKANIYA', NULL, NULL, NULL, '0023-03-28', 0, 8, NULL),
(121, 0, 'MEHMUD', 'SULEMAN', 'KADIWAL', NULL, NULL, NULL, '0023-03-28', 0, 2, NULL),
(122, 0, 'MUSAB', 'MEHMUD', 'KADIWAL', NULL, NULL, NULL, '0023-03-28', 0, 2, NULL),
(123, 0, 'YUNUS', 'SULEMAN', 'KADIWAL', NULL, NULL, NULL, '0023-03-28', 0, 2, NULL),
(124, 0, 'USAMA', 'YUNUS', 'KADIWAL', NULL, NULL, NULL, '0023-03-28', 0, 2, NULL),
(125, 0, 'HOJEFA', 'YUNUS', 'KADIWAL', NULL, NULL, NULL, '0023-03-28', 0, 2, NULL),
(126, 0, 'ASIF', 'ABUBAKKAR', 'PADARVALA (MEMA)', NULL, NULL, NULL, '0023-03-29', 0, 1, NULL),
(127, 0, 'ATIF', 'ABUBAKKAR', 'PADARVALA', NULL, NULL, NULL, '0023-03-29', 0, 1, NULL),
(128, 0, 'AHMAD', 'ATIF', 'PADARWALA', NULL, NULL, NULL, '0023-03-29', 0, 1, NULL),
(131, 0, 'A.SAMAD', 'MOHAMMAD', 'SIDHPURA', NULL, NULL, NULL, '0023-03-29', 0, 15, NULL),
(132, 0, 'AIYYUB', 'VALLI MOHAMMAD', 'SIDHPURA', NULL, NULL, NULL, '0023-03-30', 0, 13, NULL),
(133, 0, 'MO.SADIK', 'AIYYUB', 'JALOTARIYA', NULL, NULL, NULL, '0023-03-30', 0, 13, NULL),
(134, 0, 'MOHAMMAD', 'AIYYUB', 'JALOTARIYA', NULL, NULL, NULL, '0023-03-30', 0, 13, NULL),
(135, 0, 'SHOAIB', 'AIYYUB', 'JALOTARIYA', NULL, NULL, NULL, '0023-03-30', 0, 13, NULL),
(136, 0, 'MO.A.KHALID', 'ABUBAKKAR', 'PADARWALA (MEMA)', NULL, NULL, NULL, '0023-03-30', 0, 1, NULL),
(137, 0, 'IDRIS', 'A.GANI', 'BHORANIYA', NULL, NULL, NULL, '0023-03-30', 0, 6, NULL),
(138, 0, 'MUJAHID', 'IDRIS', 'BHORANIYA', NULL, NULL, NULL, '0023-03-31', 0, 6, NULL),
(141, 0, 'IDRIS', 'JALAL', 'BAGA', NULL, NULL, NULL, '0023-03-31', 0, 7, NULL),
(142, 0, 'MOHAMMAD', 'IDRIS', 'BAGA', NULL, NULL, NULL, '0023-03-31', 0, 7, NULL),
(143, 0, 'MOHAMMAD', 'A.KHALID', 'PADARWALA (MEMA)', NULL, NULL, NULL, '0023-03-31', 0, 1, NULL),
(144, 0, 'YASIN', 'YUSUF', 'GADHIYA', NULL, NULL, NULL, '0023-04-02', 0, 18, NULL),
(145, 0, 'MOHAMMAD', 'YASIN', 'GADHIYA', NULL, NULL, NULL, '0023-04-02', 0, 18, NULL),
(146, 0, 'JAHIR', 'A.RAHIM', 'MADHIYA', NULL, NULL, NULL, '0023-04-02', 0, 4, NULL),
(147, 0, 'MAAZ', 'A.RAHIM', 'MADHIYA', NULL, NULL, NULL, '0023-04-02', 0, 4, NULL),
(148, 0, 'SHOAIB', 'IBRAHIM', 'KADIWAL', NULL, NULL, NULL, '0023-04-03', 0, 14, NULL),
(149, 0, 'SHOAIB', 'IBRAHIM', 'KADIWAL', NULL, NULL, NULL, '0023-02-03', 0, 14, NULL),
(150, 0, 'USAMA', 'SHOAIB', 'KADIWAL', NULL, NULL, NULL, '0023-04-03', 0, 14, NULL),
(151, 0, 'ABRAR', 'SHOAIB', 'KADIWAL', NULL, NULL, NULL, '0023-04-03', 0, 14, NULL),
(152, 0, 'YASIN', 'SIDDIK', 'NODOLIYA', NULL, NULL, NULL, '0023-04-03', 0, 5, NULL),
(153, 0, 'IMRAN', 'SIDDIK', 'NODOLIYA', NULL, NULL, NULL, '0023-04-03', 0, 5, NULL),
(154, 0, 'MAHEBUB', 'SIDDIK', 'NODOLIYA', NULL, NULL, NULL, '0023-04-03', 0, 5, NULL),
(155, 0, 'MAHEBUB', 'SIDDIK', 'NODOLIYA', NULL, NULL, NULL, '0023-04-03', 0, 5, NULL),
(156, 0, 'HUSAIN', 'MEHBUB', 'NODOLIYA', NULL, NULL, NULL, '0023-04-03', 0, 5, NULL),
(158, 0, 'IMRAN', 'NAZIR', 'VALUDA', NULL, NULL, NULL, '0023-04-03', 0, 19, NULL),
(159, 0, 'IMTYAZ', 'NAZIR', 'VALUDA', NULL, NULL, NULL, '0023-04-03', 0, 19, NULL),
(160, 0, 'A.RAHIM', 'ALIMOHAMMAD', 'SURA', NULL, NULL, NULL, '0023-04-04', 0, 12, NULL),
(161, 0, 'ABUBAKKAR', 'A.RAHIM', 'SURA', NULL, NULL, NULL, '0023-04-04', 0, 12, NULL),
(162, 0, 'MOHAMMAD', 'ABUBAKKAR', 'SURA', NULL, NULL, NULL, '0023-04-04', 0, 12, NULL),
(163, 0, 'AHMAD', 'ABUBAKKAR', 'SURA', NULL, NULL, NULL, '0023-04-04', 0, 12, NULL),
(164, 0, 'AIYYUB', 'A.RAHIM', 'SURA', NULL, NULL, NULL, '0023-04-04', 0, 12, NULL),
(165, 0, 'AMIR', 'AIYYUB', 'SURA', NULL, NULL, NULL, '0023-04-04', 0, 12, NULL),
(166, 0, 'YASIN', 'A.RAHIM', 'SURA', NULL, NULL, NULL, '0023-04-04', 0, 12, NULL),
(167, 0, 'ADIL', 'YASIN', 'SURA', NULL, NULL, NULL, '0023-04-04', 0, 12, NULL),
(168, 0, 'BILAL', 'A.RAHIM', 'SURA', NULL, NULL, NULL, '0023-04-04', 0, 12, NULL),
(169, 0, 'ZUBER', 'ABBAS', 'KHADAD', NULL, NULL, NULL, '0023-04-04', 0, 2, NULL),
(170, 0, 'A.RAZZAK', 'VALLI', 'GULAR', NULL, NULL, NULL, '0023-04-05', 0, 13, NULL),
(171, 0, 'ANAS', 'A.RAZZAK', 'GULAR', NULL, NULL, NULL, '0023-04-05', 0, 20, NULL),
(172, 0, 'MOHAMMAD', 'A.RAZZAK', 'GUKAR', NULL, NULL, NULL, '0023-04-05', 0, 20, NULL),
(173, 0, 'SALIM', 'ISMAIL', 'PADARWALA', NULL, NULL, NULL, '0023-04-05', 0, 1, NULL),
(174, 0, 'IRFAN', 'HABIB', 'PADARWALA', NULL, NULL, NULL, '0023-04-05', 0, 1, NULL),
(175, 0, 'MOHAMMAD', 'IRFAN', 'PADARWALA', NULL, NULL, NULL, '0023-04-05', 0, 1, NULL),
(176, 0, 'MO.SAMIULLAH', 'ABBAS', 'PATEL', NULL, NULL, NULL, '0023-04-05', 0, 1, NULL),
(177, 0, 'AMANULLAH', 'ABBAS', 'PATEL', NULL, NULL, NULL, '0023-04-05', 0, 1, NULL),
(178, 0, 'A.KAIYYUM', 'IBRAHIM', 'SIDHPURA', NULL, NULL, NULL, '0023-04-05', 0, 15, NULL),
(179, 0, 'AIYYUB', 'YUSUF', 'MARKANIYA', NULL, NULL, NULL, '0023-04-05', 0, 8, NULL),
(180, 0, 'ABID', 'AIYYUB', 'MARKANIYA', NULL, NULL, NULL, '0023-04-05', 0, 8, NULL),
(181, 0, 'FAHAD', 'ABID', 'MARKANIYA', NULL, NULL, NULL, '0023-04-05', 0, 8, NULL),
(182, 0, 'FAISAL', 'ABID', 'MARKANIYA', NULL, NULL, NULL, '0023-04-05', 0, 8, NULL),
(183, 0, 'FAIYAZ', 'ABID', 'MARKANIYA', NULL, NULL, NULL, '0023-04-05', 0, 8, NULL),
(184, 0, 'VASIM', 'ABID', 'MARKANIYA', NULL, NULL, NULL, '0023-04-05', 0, 8, NULL),
(185, 0, 'RIJWAN', 'ABBAS', 'PATEL', NULL, NULL, NULL, '0023-04-05', 0, 1, NULL),
(186, 0, 'A.VAHID', 'DAUD', 'PADARWALA', NULL, NULL, NULL, '0023-04-05', 0, 1, NULL),
(187, 0, 'SHAFIK', 'A.VAHID', 'PADARWALA', NULL, NULL, NULL, '0023-04-05', 0, 1, NULL),
(188, 0, 'MO.SAFVAN', 'A.VAHID', 'PADARWALA', NULL, NULL, NULL, '0023-04-05', 0, 1, NULL),
(189, 0, 'UBEDULLAH', 'YAKUB', 'SIDHPURA (VARHA)', NULL, NULL, NULL, '0023-04-05', 0, 15, NULL),
(190, 0, 'AMATULLAH', 'YAKUB', 'SIDHPURA (VARHA)', NULL, NULL, NULL, '0023-04-05', 0, 15, NULL),
(191, 0, 'MOHAMMAD', 'YAKUB', 'SIDHPURA (VARHA)', NULL, NULL, NULL, '0023-04-05', 0, 15, NULL),
(192, 0, 'IRFAN', 'ABDUL', 'PATEL', NULL, NULL, NULL, '0023-04-05', 0, 1, NULL),
(193, 0, 'FURKAN', 'IRFAN', 'PATEL', NULL, NULL, NULL, '0023-04-05', 0, 1, NULL),
(194, 0, 'MO.ASHRAF', 'A.RAHIM', 'KHOKHRA', NULL, NULL, NULL, '0023-04-05', 0, 2, NULL),
(195, 0, 'SIDDIK', 'ISMAIL', 'PADARWALA', NULL, NULL, NULL, '0023-03-24', 0, 1, NULL),
(196, 0, 'MOHAMMAD', 'SIDDIK', 'PADARWALA', NULL, NULL, NULL, '0023-03-24', 0, 1, NULL),
(197, 0, 'AHMAD', 'JAMAL', 'PADARWALA', NULL, NULL, NULL, '0023-03-24', 0, 1, NULL),
(198, 0, 'ABID', 'AHMAD JAMAL', 'PADARWALA', NULL, NULL, NULL, '0023-03-24', 0, 1, NULL),
(199, 0, 'ABRAR', 'USMAN', 'PADARWALA (VANAT)', NULL, NULL, NULL, '0023-03-24', 0, 1, NULL),
(200, 0, 'ASIF', 'YUSUF', 'GADHIYA', NULL, NULL, NULL, '0023-03-24', 0, 18, NULL),
(201, 0, 'ABBAS', 'JAMAL', 'PADARWALA', NULL, NULL, NULL, '0023-03-27', 0, 1, NULL),
(202, 0, 'RIJWAN', 'YUSUF', 'SURA', NULL, NULL, NULL, '0023-03-27', 0, 12, NULL),
(204, 0, 'YUNUS', 'DAUD', 'PADARWALA', NULL, NULL, NULL, '0023-03-27', 0, 1, NULL),
(205, 0, 'MO.RIJWAN', 'YUNUS', 'PADARWALA', NULL, NULL, NULL, '0023-03-27', 0, 1, NULL),
(206, 0, 'AHMAD', 'SHAHBUDDIN', 'PATEL', NULL, NULL, NULL, '0023-03-28', 0, 24, NULL),
(207, 0, 'MOHAMMAD', 'AHMAD', 'PATEL', NULL, NULL, NULL, '0023-03-28', 0, 24, NULL),
(208, 0, 'MO.ANAS', 'AHMAD', 'PATEL', NULL, NULL, NULL, '0023-03-28', 0, 24, NULL),
(209, 0, 'MO.MUSTUFA', 'AHMAD', 'PATEL', NULL, NULL, NULL, '0023-03-28', 0, 24, NULL),
(210, 0, 'ASIF', 'IBHRAHIM', 'BAGA', NULL, NULL, NULL, '0023-03-28', 0, 7, NULL),
(211, 0, 'HARISH', 'A.KHALID', 'JALOTARIYA', NULL, NULL, NULL, '0023-03-28', 0, 22, NULL),
(212, 0, 'ASHFAK', 'HABIB', 'PADARWALA ', NULL, NULL, NULL, '0023-03-28', 0, 1, NULL),
(213, 0, 'ASADULLAH', 'SULEMAN', 'GAJIWALA', NULL, NULL, NULL, '0023-03-28', 0, 3, NULL),
(214, 0, 'MO.ANAS', 'ASADULLAH', 'GAJIWALA', NULL, NULL, NULL, '0023-03-28', 0, 3, NULL),
(215, 0, 'SALMAN', 'ASADULLAH', 'GAJIWALA', NULL, NULL, NULL, '0023-03-28', 0, 3, NULL),
(216, 0, 'ADNAN', 'HUSAIN', 'PADARWALA', NULL, NULL, NULL, '0003-02-14', 0, 25, NULL),
(217, 0, 'MUDASSIR', 'ABDUL', 'PADARWALA', NULL, NULL, NULL, '0003-02-14', 0, 26, NULL),
(218, 0, 'MOHSIN', 'ABDUL', 'PADARWALA', NULL, NULL, NULL, '0003-02-14', 0, 26, NULL),
(219, 0, 'RAFIK', 'JAMAL', 'MADHIYA', NULL, NULL, NULL, '0003-02-14', 0, 26, NULL),
(220, 0, 'JABIR', 'JAMAL', 'MADHIYA', NULL, NULL, NULL, '0003-02-14', 0, 4, NULL),
(221, 0, 'ARIF', 'ADAM', 'SIDHPURA', NULL, NULL, NULL, '0003-02-14', 0, 15, NULL),
(222, 0, 'IRFAN', 'HASAN', 'PADARWALA', NULL, NULL, NULL, '0003-02-14', 0, 26, NULL),
(223, 0, 'MOHAMMAD', 'IRFAN', 'PADARWALA', NULL, NULL, NULL, '0003-02-24', 0, 26, NULL),
(224, 0, 'IMRAN', 'HABIB', 'PADARWALA', NULL, NULL, NULL, '0003-02-24', 0, 26, NULL),
(225, 0, 'SALMAN', 'IMRAN', 'PADARWALA', NULL, NULL, NULL, '0003-02-24', 0, 26, NULL),
(226, 0, 'ARIF', 'IBHRAHIM', 'BAGA', NULL, NULL, NULL, '0023-03-24', 0, 7, NULL),
(227, 0, 'SAAD', 'ARIF', 'BAGA', NULL, NULL, NULL, '0023-04-02', 0, 7, NULL),
(228, 0, 'FARID', 'HABIB', 'SUNASARA', NULL, NULL, NULL, '0023-04-02', 0, 27, NULL),
(229, 0, 'FAHAD', 'FARID', 'SUNASARA', NULL, NULL, NULL, '0023-04-02', 0, 27, NULL),
(230, 0, 'MUZAMMIL', 'ABDUL', 'PADARWALA', NULL, NULL, NULL, '0023-04-02', 0, 26, NULL),
(231, 0, 'MAAZ', 'A.HAMID', 'PADARWALA', NULL, NULL, NULL, '0023-04-02', 0, 26, NULL),
(232, 0, 'MUSTAKIM', 'ABDUL', 'PADARWALA', NULL, NULL, NULL, '0023-04-02', 0, 26, NULL),
(233, 0, 'HANIF', 'GULAM', 'BAGA', NULL, NULL, NULL, '0023-04-03', 0, 7, NULL),
(234, 0, 'MASUD', 'HANIF', 'BAGA', NULL, NULL, NULL, '0023-04-03', 0, 7, NULL),
(235, 0, 'MUSTAKIM', 'HANIF', 'BAGA', NULL, NULL, NULL, '0023-04-03', 0, 7, NULL),
(236, 0, 'SIDDIK', 'A.RASHID', 'PADARWALA', NULL, NULL, NULL, '0023-04-03', 0, 28, NULL),
(237, 0, 'HUSAIN', 'ISMAIL', 'PADARWALA', NULL, NULL, NULL, '0023-04-03', 0, 25, NULL),
(238, 0, 'JAVID', 'HUSAIN', 'PADARWALA', NULL, NULL, NULL, '0023-04-04', 0, 25, NULL),
(239, 0, 'MO.SHAHID', 'SIDDIK', 'PADARWALA', NULL, NULL, NULL, '0023-04-04', 0, 28, NULL),
(240, 0, 'MOHAMMAD', 'IKBAL', 'PADARWALA', NULL, NULL, NULL, '0023-04-05', 0, 26, NULL),
(241, 0, 'RIJWAN', 'A.RASHID', 'PADARWALA', NULL, NULL, NULL, '0023-04-05', 0, 26, NULL),
(242, 0, 'HARUN', 'GULAM RASOOL', 'GARDERA', NULL, NULL, NULL, '0023-04-06', 0, 11, NULL),
(243, 0, 'MO.HARISH', 'HARUN', 'GARDERA', NULL, NULL, NULL, '0023-04-06', 0, 11, NULL),
(244, 0, 'HASSAN', 'HARUN', 'GARDERA', NULL, NULL, NULL, '0023-04-06', 0, 11, NULL),
(245, 0, 'SHAHID', 'ABBAS', 'MARKANIYA', NULL, NULL, NULL, '0023-04-07', 0, 8, NULL),
(246, 0, 'A.HAFIZ', 'MOHAMMAD UMAR', 'PADARWALA', NULL, NULL, NULL, '0023-04-07', 0, 1, NULL),
(247, 0, 'NAFIS', 'MOHAMMAD UMAR', 'PADARWALA', NULL, NULL, NULL, '0023-04-07', 0, 1, NULL),
(248, 0, 'FAIZAL', 'NAZIR', 'MADHIYA', NULL, NULL, NULL, '0023-04-07', 0, 4, NULL),
(249, 0, 'MO.JAVID', 'ABDUL', 'JETHRA', NULL, NULL, NULL, '0023-04-07', 0, 29, NULL),
(250, 0, 'AMIRHAMZA', 'YUSUF', 'PADARWALA', NULL, NULL, NULL, '0023-04-07', 0, 25, NULL),
(251, 0, 'MO.FAIZAN', 'AMIRHAMZA', 'PADARWALA', NULL, NULL, NULL, '0023-04-07', 0, 25, NULL),
(252, 0, 'IRFAN', 'ABDULRAHIM', 'PADARWALA', NULL, NULL, NULL, '0023-04-08', 0, 30, NULL),
(253, 0, 'MO.MOHSIN', 'IRFAN', 'PADRAWALA', NULL, NULL, NULL, '0023-04-08', 0, 30, NULL),
(254, 0, 'MO.AHMAD', 'IRFAN', 'PADARWALA', NULL, NULL, NULL, '0023-04-08', 0, 30, NULL),
(255, 0, 'ASLAM', 'ABDULRAHIM', 'PADARWALA', NULL, NULL, NULL, '0023-04-08', 0, 30, NULL),
(256, 0, 'SALMAN', 'ABDULRAHIM', 'PADARWALA', NULL, NULL, NULL, '0023-04-08', 0, 30, NULL),
(257, 0, 'MO.FAIYAZ', 'AMIRHAMZA', 'PADARWALA', NULL, NULL, NULL, '0023-04-08', 0, 30, NULL),
(258, 0, 'ARIF', 'ILYAS', 'NODOLIYA', NULL, NULL, NULL, '0023-04-09', 0, 5, NULL),
(259, 0, 'SALMAN', 'ARIF', 'NODOLIYA', NULL, NULL, NULL, '0023-04-09', 0, 5, NULL),
(260, 0, 'YAKUB', 'AIYYUB', 'KAPADIYA', NULL, NULL, NULL, '0023-04-03', 0, 31, NULL),
(261, 0, 'SHAHID', 'MOHAMMAD', 'PADARWALA', NULL, NULL, NULL, '0023-04-10', 0, 1, NULL),
(262, 0, 'IMRAN', 'ABBAS', 'PADARWALA', NULL, NULL, NULL, '0023-04-10', 0, 1, NULL),
(263, 0, 'IMRAN', 'ABBAS', 'PADARWALA', NULL, NULL, NULL, '0023-04-10', 0, 1, NULL),
(264, 0, 'MO.AMMAR', 'FARUK', 'NODOLIYA', NULL, NULL, NULL, '0023-04-11', 0, 5, NULL),
(265, 0, 'FARUK', 'HABIB', 'SUNASARA', NULL, NULL, NULL, '0023-04-11', 0, 27, NULL),
(266, 0, 'ADNAN', 'FARUK', 'SUNASARA', NULL, NULL, NULL, '0023-04-11', 0, 27, NULL),
(267, 0, 'SUFIYAN', 'FARUK', 'SUNASARA', NULL, NULL, NULL, '0023-04-11', 0, 27, NULL),
(268, 0, 'HIFZUREHMAN', 'VALLI', 'SIDHPURA', NULL, NULL, NULL, '0023-04-11', 0, 15, NULL),
(269, 0, 'SOHEL', 'HIFZUREHMAN', 'SIDHPURA', NULL, NULL, NULL, '0023-04-11', 0, 15, NULL),
(270, 0, 'SALMAN', 'HIFZUREHMAN', 'SIDHPURA', NULL, NULL, NULL, '0023-04-11', 0, 15, NULL),
(271, 0, 'RAHMATULLAH', 'VALLI', 'SIDHPURA', NULL, NULL, NULL, '0023-04-11', 0, 15, NULL),
(272, 0, 'MUSTAKIM', 'REHMATULLA', 'SIDHPURA', NULL, NULL, NULL, '0023-04-11', 0, 15, NULL),
(273, 0, 'MUZTABA', 'RAHMATULLAH', 'SIDHPURA', NULL, NULL, NULL, '0023-04-11', 0, 15, NULL),
(274, 0, 'YUNUS', 'RAHMATULLAH', 'SIDHPURA', NULL, NULL, NULL, '0023-04-11', 0, 15, NULL),
(275, 0, 'ABID', 'VALLI', 'SIDHPURA', NULL, NULL, NULL, '0023-04-11', 0, 15, NULL),
(276, 0, 'HARUN', 'VALLI', 'SIDHPURA', NULL, NULL, NULL, '0023-04-11', 0, 15, NULL),
(277, 0, 'MO.HASAN', 'HARUN', 'SIDHPURA', NULL, NULL, NULL, '0023-04-11', 0, 15, NULL),
(278, 0, 'MOHAMMAD', 'MO.LUKMAN', 'SIDHPURA', NULL, NULL, NULL, '0023-04-11', 0, 15, NULL),
(279, 0, 'MOHAMMAD', 'ADAM', 'MARKANIYA', NULL, NULL, NULL, '0023-04-12', 0, 8, NULL),
(280, 0, 'A.KHALID', 'HAJI IBHRAHIM', 'KAPADIYA', NULL, NULL, NULL, '0023-04-12', 0, 31, NULL),
(281, 0, 'SHOAIB', 'KHALID', 'KAPADIYA', NULL, NULL, NULL, '0023-04-12', 0, 31, NULL),
(282, 0, 'SHAHID', 'A.KHALID', 'KAPADIYA', NULL, NULL, NULL, '0023-04-12', 0, 31, NULL),
(283, 0, 'USMAN', 'HAJI IBHRAHIM', 'KAPADIYA', NULL, NULL, NULL, '0023-04-12', 0, 31, NULL),
(284, 0, 'SALMAN', 'USMAN', 'KAPADIYA', NULL, NULL, NULL, '0023-04-12', 0, 31, NULL),
(285, 0, 'SOHEL', 'USMAN', 'KAPADIYA', NULL, NULL, NULL, '0023-04-12', 0, 31, NULL),
(286, 0, 'MOHAMMAD', 'USMAN', 'KAPADIYA', NULL, NULL, NULL, '0023-04-12', 0, 31, NULL),
(287, 0, 'MO.RAFIK', 'SULEMAN', 'BHORANIYA', NULL, NULL, NULL, '0023-04-12', 0, 6, NULL),
(288, 0, 'VASIM', 'MO.RAFIK', 'BHORANIYA', NULL, NULL, NULL, '0023-04-12', 0, 6, NULL),
(289, 0, 'SADIK', 'AIYYUB', 'KAPADIYA', NULL, NULL, NULL, '0023-04-12', 0, 31, NULL),
(290, 0, 'YASIN', 'ABDUL', 'PADARWALA', NULL, NULL, NULL, '0023-04-12', 0, 30, NULL),
(291, 0, 'USMAN', 'A.RAHIM', 'SIDHPURA', NULL, NULL, NULL, '0023-04-18', 0, 15, NULL),
(292, 0, 'YASIN', 'USMAN', 'SIDHPURA', NULL, NULL, NULL, '0023-04-18', 0, 15, NULL),
(293, 0, 'ABID', 'ADAM', 'SIDHPURA', NULL, NULL, NULL, '0023-04-18', 0, 15, NULL),
(294, 0, 'MOHAMMAD', 'ABID', 'SIDHPURA', NULL, NULL, NULL, '0023-04-18', 0, 15, NULL),
(295, 0, 'AMIN', 'ADAM', 'SIDHPURA', NULL, NULL, NULL, '0023-04-18', 0, 15, NULL),
(296, 0, 'HABIB', 'ALIMOHAMMAD', 'SURA', NULL, NULL, NULL, '0023-04-05', 0, 12, NULL),
(297, 0, 'SIDDIK', 'HALIM', 'SURA', NULL, NULL, NULL, '0023-04-05', 0, 12, NULL),
(298, 0, 'SOHEL', 'SIDDIK', 'SURA', NULL, NULL, NULL, '0023-04-05', 0, 12, NULL),
(299, 0, 'SAJID', 'HABIB', 'SURA', NULL, NULL, NULL, '0023-04-05', 0, 12, NULL),
(300, 0, 'MAJID', 'VALLI', 'SURA', NULL, NULL, NULL, '0023-04-05', 0, 12, NULL),
(301, 0, 'MUSTAKIM', 'VALLI', 'SURA', NULL, NULL, NULL, '0023-04-05', 0, 12, NULL),
(302, 0, 'YAKUB', 'VALLI', 'SURA', NULL, NULL, NULL, '0023-04-05', 0, 12, NULL),
(303, 0, 'MO.VAHAB', 'YAKUB', 'SURA', NULL, NULL, NULL, '0023-04-05', 0, 12, NULL),
(304, 0, 'NIJAMUDDIN', 'ABBAS', 'ALAD', NULL, NULL, NULL, '0023-04-05', 0, 29, NULL),
(305, 0, 'MO.UMAR', 'DAUD', 'JETHRA', NULL, NULL, NULL, '0023-04-05', 0, 29, NULL),
(306, 0, 'ABID', 'UMAR', 'JETHRA', NULL, NULL, NULL, '0023-04-05', 0, 29, NULL),
(307, 0, 'ABUBAKKAR', 'DAUD', 'JETHRA', NULL, NULL, NULL, '0023-04-05', 0, 29, NULL),
(308, 0, 'SHOAIB', 'ABUBAKKAR', 'JETHRA', NULL, NULL, NULL, '0023-04-05', 0, 29, NULL),
(309, 0, 'TAIYYAB', 'ABUBAKKAR', 'JETHRA', NULL, NULL, NULL, '0023-04-05', 0, 29, NULL),
(310, 0, 'IMTYAZ', 'ISMAIL', 'GAJIWALA', NULL, NULL, NULL, '0023-04-05', 0, 3, NULL),
(311, 0, 'IKRAMA', 'ISMAIL', 'GAJIWALA', NULL, NULL, NULL, '0023-04-05', 0, 3, NULL),
(312, 0, 'FURKAN', 'HASAN', 'PADARWALA', NULL, NULL, NULL, '0023-04-05', 0, 1, NULL),
(313, 0, 'ABDULLAH', 'HABIB', 'BAGA', NULL, NULL, NULL, '0023-04-07', 0, 7, NULL),
(314, 0, 'ASIF', 'ABDULLAH', 'BAGA', NULL, NULL, NULL, '0023-04-07', 0, 7, NULL),
(315, 0, 'ARIF', 'ABDULLAH', 'BAGA', NULL, NULL, NULL, '0023-04-07', 0, 7, NULL),
(316, 0, 'IDRIS', 'ISMAIL', 'BHORANIYA', NULL, NULL, NULL, '0023-04-07', 0, 6, NULL),
(317, 0, 'BILAL', 'IDRIS', 'BHORANIYA', NULL, NULL, NULL, '0023-04-07', 0, 6, NULL),
(318, 0, 'MOHAMMAD', 'IDRIS', 'BHORANIYA', NULL, NULL, NULL, '0023-04-07', 0, 6, NULL),
(319, 0, 'A.SAMAD', 'HABIB', 'PADARWALA (MOGAL)', NULL, NULL, NULL, '0023-04-07', 0, 1, NULL),
(320, 0, 'NADIM', 'SHARIF', 'SURA', NULL, NULL, NULL, '0023-04-08', 0, 12, NULL),
(321, 0, 'IMRAN', 'ISMAIL', 'SURA', NULL, NULL, NULL, '0023-04-10', 0, 12, NULL),
(322, 0, 'JUBER', 'MO.HANIF', 'KAPADIYA', NULL, NULL, NULL, '0023-04-11', 0, 31, NULL),
(323, 0, 'JABIR', 'MO.HANIF', 'KAPADIYA', NULL, NULL, NULL, '0023-04-11', 0, 31, NULL),
(324, 0, 'JUNED', 'MO.HANIF', 'KAPADIYA', NULL, NULL, NULL, '0023-04-11', 0, 31, NULL),
(325, 0, 'JAVID', 'MO.HANIF', 'KAPADIYA', NULL, NULL, NULL, '0023-04-11', 0, 31, NULL),
(326, 0, 'AMIR', 'JABIR', 'KAPADIYA', NULL, NULL, NULL, '0023-04-11', 0, 31, NULL),
(327, 0, 'SAEED', 'DAUD', 'PADARWALA', NULL, NULL, NULL, '0023-04-11', 0, 1, NULL),
(328, 0, 'MO.JAHID', 'SAEED', 'PADARWALA', NULL, NULL, NULL, '0023-04-11', 0, 1, NULL),
(329, 0, 'MOHAMMAD', 'SAEED', 'PADARWALA', NULL, NULL, NULL, '0023-04-11', 0, 1, NULL),
(330, 0, 'SAJID', 'SAEED', 'PADARWALA', NULL, NULL, NULL, '0023-04-11', 0, 1, NULL),
(331, 0, 'YUNUS', 'IBHRAHIM', 'SIDHPURA', NULL, NULL, NULL, '0023-04-11', 0, 15, NULL),
(332, 0, 'FAHAD', 'YUNUS', 'SIDHPURA', NULL, NULL, NULL, '0023-04-11', 0, 15, NULL),
(333, 0, 'ARIF', 'A.RAZZAK', 'SIDHPURA', NULL, NULL, NULL, '0023-04-11', 0, 15, NULL),
(334, 0, 'ABID', 'A.RAZZAK', 'SIDHPURA', NULL, NULL, NULL, '0023-04-11', 0, 15, NULL),
(335, 0, 'AMMAR', 'A.RAZZAK', 'SIDHPURA', NULL, NULL, NULL, '0023-04-11', 0, 15, NULL),
(336, 0, 'JAVID', 'A.RAZZAK', 'SIDHPURA', NULL, NULL, NULL, '0023-04-11', 0, 15, NULL),
(337, 0, 'ISMAIL', 'HABIB', 'BAGA', NULL, NULL, NULL, '0023-04-13', 0, 7, NULL),
(338, 0, 'ISMAIL', 'HABIB', 'BAGA', NULL, NULL, NULL, '0023-04-13', 0, 7, NULL),
(339, 0, 'ZAID', 'ISMAIL', 'BAGA', NULL, NULL, NULL, '0023-04-13', 0, 7, NULL),
(340, 0, 'SAAD', 'ISMAIL', 'BAGA', NULL, NULL, NULL, '0023-04-13', 0, 7, NULL),
(341, 0, 'YAHYA', 'ADAM', 'KHADAD', NULL, NULL, NULL, '0023-04-13', 0, 2, NULL),
(342, 0, 'JABIR', 'ADAM', 'KHADAD', NULL, NULL, NULL, '0023-04-13', 0, 2, NULL),
(343, 0, 'JUBER', 'ABBAS', 'MADHIYA', NULL, NULL, NULL, '0023-04-13', 0, 4, NULL),
(344, 0, 'MO.JUNED', 'ABBAS', 'MADHIYA', NULL, NULL, NULL, '0023-04-13', 0, 4, NULL),
(345, 0, 'MO.JAVID', 'ABBAS', 'MADHIYA', NULL, NULL, NULL, '0023-04-13', 0, 4, NULL),
(346, 0, 'MOHAMMAD', 'JAMAL', 'MADHIYA', NULL, NULL, NULL, '0023-03-28', 0, 4, NULL),
(347, 0, 'ZAID', 'MOHAMMAD', 'MADHIYA', NULL, NULL, NULL, '0023-03-28', 0, 4, NULL),
(348, 0, 'LUKMAN', 'GULAMRASOOL', 'BAGA', NULL, NULL, NULL, '0023-03-28', 0, 7, NULL),
(349, 0, 'A.RASHID', 'A.MAJID', 'BAGA', NULL, NULL, NULL, '0023-03-28', 0, 7, NULL),
(350, 0, 'MO.SAMIULLAH', 'ABDULLAH', 'JETHRA', NULL, NULL, NULL, '0023-03-28', 0, 29, NULL),
(351, 0, 'HIDAYTULLAH', 'A.KARIM', 'SUNASARA', NULL, NULL, NULL, '0023-03-31', 0, 23, NULL),
(352, 0, 'HOJEFA', 'HIDAYTULLAH', 'SUNASARA', NULL, NULL, NULL, '0023-03-30', 0, 23, NULL),
(353, 0, 'BILAL', 'ADAM', 'KADIWAL', NULL, NULL, NULL, '0023-03-30', 0, 14, NULL),
(354, 0, 'INAYTULLAH', 'IBHRAHIM', 'BHORANIYA', NULL, NULL, NULL, '0023-03-30', 0, 6, NULL),
(355, 0, 'SAUD', 'INAYTULLAH', 'BHORANIYA', NULL, NULL, NULL, '0023-03-30', 0, 6, NULL),
(356, 0, 'SHAHID', 'INAYTULLAH', 'BHORANIYA', NULL, NULL, NULL, '0023-03-30', 0, 6, NULL),
(357, 0, 'FAHAD', 'ASLAM', 'BHORANIYA', NULL, NULL, NULL, '0023-03-30', 0, 6, NULL),
(359, 0, 'USMAN', 'IBHRAHIM', 'BADARPURA', NULL, NULL, NULL, '0023-03-30', 0, 32, NULL),
(360, 0, 'KAISH', 'A.LATIF', 'BADARPURA', NULL, NULL, NULL, '0023-03-30', 0, 32, NULL),
(361, 0, 'FAHAD', 'USMAN', 'BADARPURA', NULL, NULL, NULL, '0023-03-30', 0, 32, NULL),
(362, 0, 'MUSTAK', 'SULEMAN', 'MADHIYA', NULL, NULL, NULL, '0023-03-31', 0, 4, NULL),
(363, 0, 'MOHAMMAD', 'MUSTAK', 'MADHIYA', NULL, NULL, NULL, '0023-03-31', 0, 4, NULL),
(364, 0, 'AHMAD', 'SULEMAN', 'MADHIYA', NULL, NULL, NULL, '0023-03-31', 0, 4, NULL),
(365, 0, 'AMIN', 'SULEMAN', 'MADHIYA', NULL, NULL, NULL, '0023-03-31', 0, 4, NULL),
(366, 0, 'AIYYUB', 'A.RAHIM', 'SHELIYA', NULL, NULL, NULL, '0023-03-31', 0, 17, NULL),
(367, 0, 'MO.AFZAL', 'AIYYUB', 'SHELIYA', NULL, NULL, NULL, '0023-03-31', 0, 17, NULL),
(368, 0, 'ANIS', 'AIYYUB', 'SHELIYA', NULL, NULL, NULL, '0023-03-31', 0, 17, NULL),
(369, 0, 'MO.SAAD', 'A.HAUQ', 'BADARPURA', NULL, NULL, NULL, '0003-02-14', 0, 32, NULL),
(370, 0, 'MO.MOHAMMAD', 'A.VAHID', 'BADARPURA', NULL, NULL, NULL, '0023-04-01', 0, 32, NULL),
(371, 0, 'A.KAIYUM', 'IBHRAHIM', 'BADARPURA', NULL, NULL, NULL, '0023-04-01', 0, 32, NULL),
(372, 0, 'ADIL', 'A.KAIYUM', 'BADRPURA', NULL, NULL, NULL, '0023-04-01', 0, 32, NULL),
(373, 0, 'JUBER', 'HABIB', 'SUNASARA', NULL, NULL, NULL, '0023-04-01', 0, 27, NULL),
(374, 0, 'RIJWAN', 'ZUBER', 'SUNASARA', NULL, NULL, NULL, '0023-04-01', 0, 27, NULL),
(375, 0, 'FAIZAN', 'JUBER', 'SUNASARA', NULL, NULL, NULL, '0023-04-01', 0, 27, NULL),
(376, 0, 'AZHARUDDIN', 'YASIN', 'ALAD', NULL, NULL, NULL, '0023-04-01', 0, 13, NULL),
(377, 0, 'IRSHAD', 'USMAN', 'SUNASARA', NULL, NULL, NULL, '0023-04-01', 0, 23, NULL),
(378, 0, 'MO.FARUK', 'MOHAMMAD', 'MARKANIYA', NULL, NULL, NULL, '0023-04-01', 0, 8, NULL),
(379, 0, 'MO.USAMA', 'MO.FARUK', 'MARKANIYA', NULL, NULL, NULL, '0023-04-01', 0, 8, NULL),
(380, 0, 'MAAZ', 'FARUK', 'MARKANIYA', NULL, NULL, NULL, '0023-04-01', 0, 8, NULL),
(381, 0, 'MO.ISMAIL', 'RAHMATULLAH', 'SUNASARA', NULL, NULL, NULL, '0023-04-01', 0, 23, NULL),
(382, 0, 'AHMAD', 'ISMAIL', 'GADHIYA', NULL, NULL, NULL, '0023-04-11', 0, 18, NULL),
(383, 0, 'MO.SALMAN', 'AHMAD', 'GADHIYA', NULL, NULL, NULL, '0023-04-11', 0, 18, NULL),
(384, 0, 'MOHAMMAD', 'AHMAD', 'GADHIYA', NULL, NULL, NULL, '0023-04-11', 0, 18, NULL),
(386, 0, 'MOHAMMAD', 'ABBAS', 'KHADAD', NULL, NULL, NULL, '0023-04-17', 0, 2, NULL),
(387, 0, 'ABID', 'ISMAIL', 'BHORANIYA', NULL, NULL, NULL, '0023-04-17', 0, 6, NULL),
(388, 0, 'YUNUS', 'VALLI', 'BAGA', NULL, NULL, NULL, '0023-04-18', 0, 7, NULL),
(389, 0, 'SALMAN', 'YUNUS', 'BAGA', NULL, NULL, NULL, '0023-04-18', 0, 7, NULL),
(390, 0, 'SUFIYAN', 'YUNUS', 'BAGA', NULL, NULL, NULL, '0023-04-18', 0, 7, NULL),
(391, 0, 'HARUN', 'HABIB', 'KAPADIYA', NULL, NULL, NULL, '0023-04-18', 0, 31, NULL),
(392, 0, 'ARIF', 'HARUN', 'KAPADIYA', NULL, NULL, NULL, '0023-04-18', 0, 31, NULL),
(393, 0, 'ATIF', 'HARUN', 'KAPADIYA', NULL, NULL, NULL, '0023-04-19', 0, 31, NULL),
(394, 0, 'AMIN', 'HARUN', 'KAPADIYA', NULL, NULL, NULL, '0023-04-19', 0, 31, NULL),
(395, 0, 'AMIN', 'HARUN', 'KAPADIYA', NULL, NULL, NULL, '0023-04-19', 0, 31, NULL),
(396, 0, 'ANIS', 'ISMAIL', 'SIDHPURA', NULL, NULL, NULL, '0023-04-19', 0, 15, NULL),
(397, 0, 'BILAL', 'UMAR', 'PADARWALA', NULL, NULL, NULL, '0023-04-14', 0, 1, NULL),
(398, 0, 'SAMIULLAH', 'UMAR', 'PADARWALA', NULL, NULL, NULL, '0023-04-14', 0, 1, NULL),
(399, 0, 'YUSUF', 'UMAR', 'PADARWALA', NULL, NULL, NULL, '0023-04-14', 0, 1, NULL),
(400, 0, 'MO.AIYYUB', 'SULEMAN', 'SIDHPURA', NULL, NULL, NULL, '0023-04-14', 0, 15, NULL),
(401, 0, 'MO.ADIL', 'AIYYUB', 'SIDHPURA', NULL, NULL, NULL, '0023-04-14', 0, 15, NULL),
(402, 0, 'HAMID', 'MO.AIYYUB', 'SIDHPURA', NULL, NULL, NULL, '0023-04-14', 0, 15, NULL),
(404, 0, 'FARID', 'AKBAR', 'JALOTARIYA', NULL, NULL, NULL, '0023-04-15', 0, 22, NULL),
(405, 0, 'AHMAD', 'RAHMATULLAH', 'PADARWALA', NULL, NULL, NULL, '0023-04-15', 0, 1, NULL),
(406, 0, 'AHMAD', 'RAHMATULLAH', 'PADARWALA', NULL, NULL, NULL, '0023-04-15', 0, 1, NULL),
(407, 0, 'MEHMUD', 'HABIB', 'GADHIYA', NULL, NULL, NULL, '0023-04-15', 0, 18, NULL),
(408, 0, 'SAJID', 'GULAMRASOOL', 'SUNASARA', NULL, NULL, NULL, '0023-04-15', 0, 23, NULL),
(409, 0, 'MAJID', 'GULAMRASOOL', 'SUNASARA', NULL, NULL, NULL, '0023-04-15', 0, 23, NULL),
(410, 0, 'GULAMRASOOL', 'A.KARIM', 'SUNASARA', NULL, NULL, NULL, '0023-04-15', 0, 23, NULL),
(411, 0, 'S.M.TRADERS', '', '', NULL, NULL, NULL, '0023-04-17', 0, 23, NULL),
(412, 0, 'IRFAN', 'USMAN', 'MARKANIYA', NULL, NULL, NULL, '0023-04-15', 0, 8, NULL),
(413, 0, 'MOHAMMAD', 'VALLI', 'PADARVALA', NULL, NULL, NULL, '0023-04-16', 0, 1, NULL),
(414, 0, 'ARSHAD', 'MOHAMMAD', 'PADARWALA', NULL, NULL, NULL, '0023-04-15', 0, 1, NULL),
(415, 0, 'MO.RIJWAN', 'MOHAMMAD', 'PADARWALA', NULL, NULL, NULL, '0023-04-15', 0, 1, NULL),
(416, 0, 'ARIF', 'MOHAMMAD', 'PADARWALA', NULL, NULL, NULL, '0023-04-15', 0, 1, NULL),
(417, 0, 'A.VAHID', 'A.HAQQ', 'PADARWALA', NULL, NULL, NULL, '0023-04-15', 0, 1, NULL),
(418, 0, 'SALMAN', 'A.HAQQ', 'PADARWALA', NULL, NULL, NULL, '0023-04-15', 0, 1, NULL),
(419, 0, 'A.MANNAN', 'A.HAQQ', 'PADARWALA', NULL, NULL, NULL, '0023-04-15', 0, 1, NULL),
(420, 0, 'ZAKARIYA', 'A.HAQQ', 'PADARWALA', NULL, NULL, NULL, '0023-04-18', 0, 1, NULL),
(421, 0, 'A.HAMID', 'A.KARIM', 'PADARWALA', NULL, NULL, NULL, '0023-04-15', 0, 1, NULL),
(422, 0, 'YAHYA', 'A.HAMID', 'PADARWALA', NULL, NULL, NULL, '0023-04-15', 0, 1, NULL),
(423, 0, 'MO.NAUMAN', 'ARIF', 'VALUDA', NULL, NULL, NULL, '0023-04-15', 0, 19, NULL),
(424, 0, 'IRFAN', 'IBHRAHIM', 'PADARWALA', NULL, NULL, NULL, '0023-04-15', 0, 26, NULL),
(425, 0, 'MO.RAHMATULLAH', 'IBHRAHIM', 'ALAD (DOGAL)', NULL, NULL, NULL, '0023-04-15', 0, 13, NULL),
(426, 0, 'MO.MOHAMMAD', 'MO.RAHMATULLAH', 'ALAD', NULL, NULL, NULL, '0023-04-15', 0, 13, NULL),
(427, 0, 'MO.AHMAD', 'MO.RAHMATULLAH', 'ALAD', NULL, NULL, NULL, '0023-04-15', 0, 13, NULL),
(428, 0, 'MO.AIYYUB', 'ISMAIL', 'BAGA', NULL, NULL, NULL, '0023-04-15', 0, 7, NULL),
(429, 0, 'SALIM', 'MO.AIYYUB', 'BAGA', NULL, NULL, NULL, '0023-04-15', 0, 7, NULL),
(430, 0, 'SALIM', 'MO.AIYYUB', 'BAGA', NULL, NULL, NULL, '0023-04-15', 0, 7, NULL),
(431, 0, 'TUFEL', 'MO.AIYYUB', 'BAGA', NULL, NULL, NULL, '0023-04-15', 0, 7, NULL),
(432, 0, 'JABIR', 'HANIF', 'JETHRA', NULL, NULL, NULL, '0023-04-15', 0, 29, NULL),
(433, 0, 'MOHAMMAD', 'JABIR', 'JETHRA', NULL, NULL, NULL, '0023-04-16', 0, 29, NULL),
(434, 0, 'MO.AMIN', 'AHMAD', 'PADARWALA', NULL, NULL, NULL, '0023-04-15', 0, 24, NULL),
(435, 0, 'SAEED', 'SULEMAN', 'SUNASARA', NULL, NULL, NULL, '0023-04-16', 0, 34, NULL),
(436, 0, 'MO.LUKMAN', 'ADAM', 'BADARPURA', NULL, NULL, NULL, '0023-04-17', 0, 32, NULL),
(437, 0, 'MOHAMMAD', 'MO.LUKMAN', 'BADARPURA', NULL, NULL, NULL, '0023-04-17', 0, 32, NULL),
(438, 0, 'MUSTUFA', 'MO.LUKMAN', 'BADARPURA', NULL, NULL, NULL, '0023-04-17', 0, 32, NULL),
(439, 0, 'MO.ABDUL HAMID', 'ADAM', 'BADARPURA', NULL, NULL, NULL, '0023-04-17', 0, 32, NULL),
(440, 0, 'MO.ANAS', 'ABDULHAMID', 'BADARPURA', NULL, NULL, NULL, '0023-04-17', 0, 32, NULL),
(441, 0, 'SAAD', 'A.HAMID', 'BADARPURA', NULL, NULL, NULL, '0023-04-17', 0, 32, NULL),
(442, 0, 'MO.MAAZ', 'A.HAMID', 'BADARPURA', NULL, NULL, NULL, '0023-04-17', 0, 32, NULL),
(443, 0, 'FARUK', 'HABIB', 'PADARWALA', NULL, NULL, NULL, '0023-04-17', 0, 35, NULL),
(444, 0, 'LUKMAN', 'HABIB', 'GULAR', NULL, NULL, NULL, '0023-04-17', 0, 20, NULL),
(445, 0, 'MO.RIJWAN', 'ADAM', 'BADARPURA', NULL, NULL, NULL, '0023-04-17', 0, 32, NULL),
(446, 0, 'VAKIF', 'VALLI', 'PADARWALA', NULL, NULL, NULL, '0023-04-17', 0, 1, NULL),
(447, 0, 'ASIF', 'HABIB', 'ALAD (PALA)', NULL, NULL, NULL, '0023-04-17', 0, 13, NULL),
(448, 0, 'A.HAFIZ', 'ASHRAF', 'PADARWALA', NULL, NULL, NULL, '0023-04-17', 0, 1, NULL),
(449, 0, 'AMIN', 'SULEMAN', 'PADARWALA', NULL, NULL, NULL, '2023-03-24', 0, 1, NULL),
(450, 0, 'MO.ASIM', 'AMIN', 'PADARWALA', NULL, NULL, NULL, '2023-03-24', 0, 1, NULL),
(451, 0, 'FAISAL', 'AMIN', 'PADARWALA', NULL, NULL, NULL, '2023-03-24', 0, 1, NULL),
(452, 0, 'USMAN', 'IBHRAHIM', 'PADARWALA', NULL, NULL, NULL, '2023-03-25', 0, 1, NULL),
(453, 0, 'RAFIK', 'USMAN', 'PADARWALA', NULL, NULL, NULL, '2023-03-25', 0, 1, NULL),
(454, 0, 'LUKMAN', 'A.RAHIM', 'PADARWALA', NULL, NULL, NULL, '2023-03-25', 0, 1, NULL),
(455, 0, 'MO.HOJEFA', 'LUKMAN', 'PADARWALA', NULL, NULL, NULL, '2023-03-25', 0, 1, NULL),
(456, 0, 'HUSAIN', 'LUKMAN', 'PADARWALA', NULL, NULL, NULL, '2023-04-25', 0, 1, NULL),
(457, 0, 'MO.A.REHMAN', 'A.KARIM', 'PADARWALA', NULL, NULL, NULL, '2023-03-25', 0, 1, NULL),
(458, 0, 'YASIN', 'PIRMOHAMMAD', 'GAJIWALA', NULL, NULL, NULL, '2023-03-25', 0, 3, NULL),
(459, 0, 'MO.SHAHID', 'YASIN', 'GAJIWALA', NULL, NULL, NULL, '2023-03-25', 0, 3, NULL),
(460, 0, 'USMAN', 'PIRMOHAMMAD', 'GANDHI', NULL, NULL, NULL, '2023-03-25', 0, 36, NULL),
(461, 0, 'MOHAMMAD', 'NAJIR', 'PADARWALA', NULL, NULL, NULL, '2023-03-25', 0, 25, NULL),
(462, 0, 'MOHSIN', 'NAJIR', 'PADARWALA', NULL, NULL, NULL, '2023-03-25', 0, 25, NULL),
(463, 0, 'ZAKARIYA', 'IDRIS', 'GADHIYA', NULL, NULL, NULL, '2023-03-25', 0, 18, NULL),
(464, 0, 'MO.SHAKIR', 'IDRIS', 'GADHIYA', NULL, NULL, NULL, '2023-03-25', 0, 18, NULL),
(465, 0, 'BILAL', 'ABBAS', 'ALAD', NULL, NULL, NULL, '2023-03-25', 0, 13, NULL),
(466, 0, 'MO.IMRAN', 'VALLIMOHAMMAD', 'GANDHI', NULL, NULL, NULL, '2023-03-25', 0, 36, NULL),
(467, 0, 'MO.JUBER', 'A.RAZAK', 'BAGA', NULL, NULL, NULL, '2023-04-25', 0, 7, NULL),
(468, 0, 'MOHAMMAD', 'YAKUB', 'BAGA', NULL, NULL, NULL, '2023-03-25', 0, 7, NULL),
(469, 0, 'YAKUB', 'DAUD', 'BAGA', NULL, NULL, NULL, '2023-03-25', 0, 7, NULL),
(470, 0, 'SIDDIK', 'SULEMAN', 'SIDHPURA', NULL, NULL, NULL, '2023-03-25', 0, 15, NULL),
(471, 0, 'RAFIK', 'ISMAIL', 'PADARWALA', NULL, NULL, NULL, '2023-03-25', 0, 1, NULL),
(472, 0, 'SALMAN', 'RAFIK', 'PADARWALA', NULL, NULL, NULL, '2023-03-25', 0, 1, NULL),
(473, 0, 'MO.SHOKAT', 'RAFIK', 'PADARWALA', NULL, NULL, NULL, '2023-03-25', 0, 1, NULL),
(474, 0, 'MUSTUFA', 'ISMAIL', 'KHADAD', NULL, NULL, NULL, '2023-03-25', 0, 2, NULL),
(475, 0, 'MO.USAMA', 'UMAR', 'BHORANIYA', NULL, NULL, NULL, '2023-03-25', 0, 6, NULL),
(476, 0, 'RAHMATULLAH', 'HABIB', 'PADARWALA', NULL, NULL, NULL, '2023-03-25', 0, 1, NULL),
(477, 0, 'MO.MOHAMMAD', 'RAHMATULLAH', 'PADARWALA', NULL, NULL, NULL, '2023-03-25', 0, 1, NULL),
(478, 0, 'AIYYUB', 'SULEMAN', 'GAJIWALA', NULL, NULL, NULL, '2023-03-25', 0, 3, NULL),
(479, 0, 'AIYAZ', 'AIYYUB', 'GAJIWALA', NULL, NULL, NULL, '2023-03-25', 0, 3, NULL),
(480, 0, 'ANIS', 'HABIB', 'ALAD', NULL, NULL, NULL, '2023-03-25', 0, 13, NULL),
(481, 0, 'ABID', 'ABDULLAH', 'ALAD', NULL, NULL, NULL, '2023-03-25', 0, 13, NULL),
(482, 0, 'ARIF', 'ABDULLAH', 'ALAD', NULL, NULL, NULL, '2023-03-25', 0, 13, NULL),
(483, 0, 'NAFIS', 'AKBAR', 'JALOTARIYA', NULL, NULL, NULL, '2023-03-25', 0, 22, NULL),
(484, 0, 'UMER', 'MAHEMUD', 'PADARWALA', NULL, NULL, NULL, '2023-03-25', 0, 1, NULL),
(485, 0, 'MO.ASLAM', 'GULAM', 'ALAD', NULL, NULL, NULL, '2023-03-25', 0, 13, NULL),
(486, 0, 'MAHEBUB', 'VALLI', 'SURA', NULL, NULL, NULL, '2023-03-25', 0, 12, NULL),
(487, 0, 'USMAN', 'GULAM', 'PADARWALA', NULL, NULL, NULL, '2023-03-26', 0, 37, NULL),
(488, 0, 'MO.MOHAMMAD', 'USMAN', 'PADARWALA', NULL, NULL, NULL, '2023-03-26', 0, 37, NULL),
(489, 0, 'MO.MOHSIN', 'USMAN', 'PADARWALA', NULL, NULL, NULL, '2023-03-26', 0, 37, NULL),
(490, 0, 'MO.AFZAL', 'ABBAS', 'ALAD', NULL, NULL, NULL, '2023-03-26', 0, 13, NULL),
(491, 0, 'USMAN', 'GULAM NASHIR', 'PADARWALA', NULL, NULL, NULL, '2023-03-26', 0, 1, NULL),
(492, 0, 'ABDUL RAUF', 'USMAN', 'PADARWALA', NULL, NULL, NULL, '2023-03-26', 0, 1, NULL),
(493, 0, 'IMRAN', 'HABIB', 'JALOTARIYA', NULL, NULL, NULL, '2023-03-24', 0, 22, NULL),
(494, 0, 'ASIF', 'ADAM', 'GAJIWALA', NULL, NULL, NULL, '2023-03-24', 0, 3, NULL),
(495, 0, 'ASBAN', 'ADAM', 'GAJIWALA', NULL, NULL, NULL, '2023-03-24', 0, 3, NULL),
(496, 0, 'AMIN', 'AKBAR', 'ALAD', NULL, NULL, NULL, '2023-03-24', 0, 13, NULL),
(497, 0, 'NADIM', 'AKBAR', 'ALAD', NULL, NULL, NULL, '2023-03-24', 0, 13, NULL),
(498, 0, 'ZAID', 'AKBAR', 'ALAD', NULL, NULL, NULL, '2023-03-24', 0, 13, NULL),
(499, 0, 'AHMAD', 'ABDULLAH', 'CHAUDHARY', NULL, NULL, NULL, '2023-03-24', 0, 39, NULL),
(500, 0, 'YASIN', 'SULEMAN', 'GAJIWALA', NULL, NULL, NULL, '2023-03-24', 0, 3, NULL),
(501, 0, 'MO.SAFVAN', 'YASIN', 'GAJIWALA', NULL, NULL, NULL, '2023-03-24', 0, 3, NULL),
(502, 0, 'MOHAMMAD', 'HANIF', 'KHADAD', NULL, NULL, NULL, '2023-03-24', 0, 2, NULL),
(503, 0, 'ALI', 'MOHAMMAD HANIF', 'KHADAD', NULL, NULL, NULL, '2023-03-24', 0, 2, NULL),
(504, 0, 'MO.JAVID', 'LUKMAN', 'GULAR', NULL, NULL, NULL, '2023-03-24', 0, 20, NULL),
(505, 0, 'MO.TOFIK', 'IDRIS', 'ALAD', NULL, NULL, NULL, '2023-03-24', 0, 13, NULL),
(506, 0, 'USMAN', 'HABIB', 'PADARWALA', NULL, NULL, NULL, '2023-03-24', 0, 35, NULL),
(507, 0, 'MO.JUNED', 'SAEED', 'MAHESANIYA', NULL, NULL, NULL, '2023-03-24', 0, 16, NULL),
(508, 0, 'A.RASHID', 'YUNUS', 'BHORANIYA', NULL, NULL, NULL, '2023-03-24', 0, 6, NULL),
(509, 0, 'MO.RAFIK', 'YUNUS', 'BHORANIYA', NULL, NULL, NULL, '2023-03-24', 0, 6, NULL),
(510, 0, 'YUNUS', 'NOORMOHAMMAD', 'ALAD', NULL, NULL, NULL, '2023-03-24', 0, 13, NULL),
(511, 0, 'MOHAMMAD', 'YUNUS', 'ALAD', NULL, NULL, NULL, '2023-03-24', 0, 13, NULL),
(512, 0, 'MO.RIJWAN', 'AKBAR', 'ALAD', NULL, NULL, NULL, '2023-03-24', 0, 13, NULL),
(513, 0, 'MO.RAEES', 'AKBAR', 'ALAD', NULL, NULL, NULL, '2023-03-24', 0, 13, NULL),
(514, 0, 'MO.RIYAZ', 'AKBAR', 'ALAD', NULL, NULL, NULL, '2023-03-24', 0, 13, NULL),
(515, 0, 'ADIL', 'AKBAR', 'ALAD', NULL, NULL, NULL, '2023-03-24', 0, 13, NULL),
(516, 0, 'SAJID', 'IBHRAHIM', 'BADARPURA', NULL, NULL, NULL, '2023-03-24', 0, 32, NULL),
(517, 0, 'MO.ISMAIL', 'RAFIK', 'MAJAN', NULL, NULL, NULL, '2023-03-24', 0, 9, NULL),
(518, 0, 'NAJIR AHMAD', 'IBHRAHIM', 'BAGA', NULL, NULL, NULL, '2023-03-24', 0, 7, NULL),
(519, 0, 'NAJIR AHMAD', 'IBHRAHIM', 'BAGA', NULL, NULL, NULL, '2023-03-24', 0, 7, NULL),
(520, 0, 'JAKIR', 'NAJIR', 'BAGA', NULL, NULL, NULL, '2023-03-24', 0, 7, NULL),
(521, 0, 'YAHYA', 'MO.AKBAR', 'BAGA', NULL, NULL, NULL, '2023-03-24', 0, 7, NULL),
(522, 0, 'ABID', 'YUSUF', 'PADARWALA', NULL, NULL, NULL, '2023-03-24', 0, 37, NULL),
(523, 0, 'ABBAS', 'IBHRAHIM', 'SUNASARA', NULL, NULL, NULL, '2023-03-24', 0, 23, NULL),
(524, 0, 'USMAN', 'ABBAS', 'SUNASARA', NULL, NULL, NULL, '2023-03-24', 0, 23, NULL),
(525, 0, 'MO.AFZAL', 'USMAN', 'SUNASARA', NULL, NULL, NULL, '2023-03-24', 0, 23, NULL),
(526, 0, 'MO.ARIF', 'ABBAS', 'SUNASARA', NULL, NULL, NULL, '2023-03-24', 0, 23, NULL),
(527, 0, 'ADIL', 'ABBAS', 'SUNASARA', NULL, NULL, NULL, '2023-03-24', 0, 23, NULL),
(528, 0, 'YUNUS', 'HABIB', 'GAJIWALA', NULL, NULL, NULL, '2023-03-24', 0, 3, NULL),
(529, 0, 'RUKSANA', 'YUNUS', 'GAJIWALA', NULL, NULL, NULL, '2023-03-24', 0, 3, NULL),
(530, 0, 'HABIB', 'VALLI', 'GAJIWALA', NULL, NULL, NULL, '2023-03-24', 0, 3, NULL),
(531, 0, 'AMINA', 'HABIB', 'GAJIWALA', NULL, NULL, NULL, '2023-03-24', 0, 3, NULL),
(532, 0, 'VALLI', 'MIYAJI', 'GAJIWALA', NULL, NULL, NULL, '2023-03-24', 0, 3, NULL),
(533, 0, 'ALAUDDIN', 'MIYAJI', 'GAJIWALA', NULL, NULL, NULL, '2023-03-24', 0, 3, NULL),
(534, 0, 'JAHIR', 'ISMAIL', 'GADHIYA', NULL, NULL, NULL, '2023-03-24', 0, 18, NULL),
(535, 0, 'YUNUS', 'HABIB', 'GULAR', NULL, NULL, NULL, '2023-03-24', 0, 20, NULL),
(536, 0, 'MO.SULEMAN', 'JAMALUDDIN', 'BHORANIYA', NULL, NULL, NULL, '2023-03-24', 0, 6, NULL),
(537, 0, 'MO.ZAKVAN', 'MO.SULEMAN', 'BHORANIYA', NULL, NULL, NULL, '2023-03-24', 0, 6, NULL),
(538, 0, 'NAFIS', 'ISMAIL', 'GAJIWALA', NULL, NULL, NULL, '2023-03-24', 0, 3, NULL),
(539, 0, 'MO.SALIM', 'ABDUL HAQQ', 'SUNASARA', NULL, NULL, NULL, '2023-03-24', 0, 41, NULL),
(540, 0, 'RIYAZ', 'AIYYUB', 'GAJIWALA', NULL, NULL, NULL, '2023-03-24', 0, 3, NULL),
(541, 0, 'MO.YUNUS', 'DAUD', 'BADARPURA', NULL, NULL, NULL, '2023-03-24', 0, 32, NULL),
(542, 0, 'MO.YAHYA', 'MO.YUNUS', 'BADARPURA', NULL, NULL, NULL, '2023-03-24', 0, 32, NULL),
(543, 0, 'MO.ISRAIL', 'MO.YUNUS', 'BADARPURA', NULL, NULL, NULL, '2023-03-24', 0, 32, NULL),
(544, 0, 'MO.BILAL', 'ADAM', 'SUNASARA', NULL, NULL, NULL, '2023-03-24', 0, 41, NULL),
(545, 1, 'Imtiyaz', 'Umarf', 'Badarpura', NULL, NULL, NULL, '0000-00-00', 0, 32, NULL),
(546, 2, 'Sufyan', 'Yunus', 'Jalotariya', NULL, NULL, NULL, '0000-00-00', 0, 22, NULL),
(547, 3, 'Saifullah', 'Yunus', 'Jalotariya', NULL, NULL, NULL, '0000-00-00', 0, 22, NULL),
(548, 4, 'Muhammad', 'Yunus', 'Jalotariya', NULL, NULL, NULL, '0000-00-00', 0, 22, NULL),
(550, 6, 'Aslam', 'Adam', 'Jethra', NULL, NULL, NULL, '0000-00-00', 0, 29, NULL),
(551, 7, 'Mo.Arif', 'Adam', 'Jethra', NULL, NULL, NULL, '0000-00-00', 0, 29, NULL),
(552, 8, 'Ayyub', 'A.Rahim', 'Gular', NULL, NULL, NULL, '0000-00-00', 0, 20, NULL),
(553, 9, 'Arman', 'Ayyub', 'Gular', NULL, NULL, NULL, '0000-00-00', 0, 20, NULL),
(554, 10, 'Makbul', 'Suleman', 'Gadhiya', NULL, NULL, NULL, '0000-00-00', 0, 18, NULL),
(555, 11, 'Vasim', 'Makbul', 'Gadhiya', NULL, NULL, NULL, '0000-00-00', 0, 18, NULL),
(556, 12, 'Mohsin', 'Makbul', 'Gadhiya', NULL, NULL, NULL, '0000-00-00', 0, 18, NULL),
(557, 13, 'Yasin', 'Valli', 'Nandoliya', NULL, NULL, NULL, '0000-00-00', 0, 5, NULL),
(558, 14, 'Yasin', 'Valli', 'Nandoliya', NULL, NULL, NULL, '0000-00-00', 0, 5, NULL),
(559, 15, 'Abid', 'Suleman', 'Valuda', NULL, NULL, NULL, '0000-00-00', 0, 19, NULL),
(560, 16, 'Abid', 'Ilyas', 'Nandoliya', NULL, NULL, NULL, '0000-00-00', 0, 5, NULL),
(561, 17, 'Hanif', 'Gulam ', 'Padarvala', NULL, NULL, NULL, '0000-00-00', 0, 1, NULL),
(562, 18, 'Saifullah', 'Hanif', 'Padarvala', NULL, NULL, NULL, '0000-00-00', 0, 1, NULL),
(563, 19, 'Samiullah', 'Hanif', 'Padarvala', NULL, NULL, NULL, '0000-00-00', 0, 1, NULL),
(564, 20, 'Sajid', 'Hanif', 'Padarvala', NULL, NULL, NULL, '0000-00-00', 0, 1, NULL),
(565, 21, 'Muhammad', 'Noman', 'Baga', NULL, NULL, NULL, '0000-00-00', 0, 7, NULL),
(566, 22, 'Sadiq', 'Noman', 'Baga', NULL, NULL, NULL, '0000-00-00', 0, 7, NULL),
(567, 23, 'A.Rahman', 'Ismail', 'Padarvala (Desi)', NULL, NULL, NULL, '0000-00-00', 0, 1, NULL),
(570, 27, 'Muhammad', 'Shafik Adam', 'Baga', NULL, NULL, NULL, '0000-00-00', 0, 7, NULL),
(571, 28, 'Adnan', 'Rahmatullah', 'Sunsara (Gadha)', NULL, NULL, NULL, '0000-00-00', 0, 41, NULL),
(572, 29, 'Bilal', 'Hanif', 'Padarvala', NULL, NULL, NULL, '0000-00-00', 0, 1, NULL),
(573, 30, 'Talha', 'Rahmatullah', 'Padarvala', NULL, NULL, NULL, '0000-00-00', 0, 1, NULL),
(574, 31, 'Lukman', 'Yasin', 'Jalotariya', NULL, NULL, NULL, '0000-00-00', 0, 22, NULL),
(575, 32, 'Farhan', 'Ayyub', 'Mahesaniya', NULL, NULL, NULL, '0000-00-00', 0, 16, NULL),
(576, 33, 'Ayyub', 'Nur Muhammad', 'Mahesaniya', NULL, NULL, NULL, '0000-00-00', 0, 16, NULL),
(577, 34, 'Mo.Javed', 'Habib', 'Padarvala', NULL, NULL, NULL, '0000-00-00', 0, 1, NULL),
(578, 35, 'Imtiyaz', 'Ibrahim', 'Khadad', NULL, NULL, NULL, '0000-00-00', 0, 2, NULL),
(579, 36, 'Rizvan', 'Ibrahim', 'Khadad', NULL, NULL, NULL, '0000-00-00', 0, 2, NULL),
(580, 37, 'Mo.Faisal', 'Usman', 'Sunasara ', NULL, NULL, NULL, '0000-00-00', 0, 23, NULL),
(581, 38, 'Afjal', 'Usman', 'Sunasara', NULL, NULL, NULL, '0000-00-00', 0, 23, NULL),
(582, 39, 'Yasin', 'Gulam Rasul', 'Baga', NULL, NULL, NULL, '0000-00-00', 0, 7, NULL),
(583, 40, 'Afjal', 'Yasin', 'Baga', NULL, NULL, NULL, '0000-00-00', 0, 7, NULL),
(584, 41, 'Mo.Saifullah', 'Yasin', 'Baga', NULL, NULL, NULL, '0000-00-00', 0, 7, NULL),
(585, 42, 'Saeed', 'Akbar', 'Madhiya', NULL, NULL, NULL, '0000-00-00', 0, 4, NULL),
(586, 43, 'Mo.Noman', 'Usman', 'Padarvala', NULL, NULL, NULL, '0000-00-00', 0, 1, NULL),
(587, 44, 'Mo.Safvan', 'Usman', 'Padarvala (Gudiwala)', NULL, NULL, NULL, '0000-00-00', 0, 35, NULL),
(588, 45, 'Ismail', 'Usman', 'Jalotariya', NULL, NULL, NULL, '0000-00-00', 0, 22, NULL),
(589, 46, 'Ismail', 'Usman', 'Jalotariya', NULL, NULL, NULL, '0000-00-00', 0, 22, NULL),
(590, 47, 'Irshad', 'Yasin', 'Jalotariya', NULL, NULL, NULL, '0000-00-00', 0, 22, NULL),
(591, 48, 'Mo.Nabil', 'Hifzurrahman', 'Padarvala (Desi)', NULL, NULL, NULL, '0000-00-00', 0, 25, NULL),
(592, 49, 'Amanullah', 'Dawood', 'Padarvala', NULL, NULL, NULL, '0000-00-00', 0, 1, NULL),
(593, 50, 'Mo.Altaf', 'Amanullah', 'Padarvala', NULL, NULL, NULL, '0000-00-00', 0, 1, NULL),
(594, 0, 'ADIL ', 'AIYYUB', 'ALAD', NULL, NULL, NULL, '2023-03-27', 0, 37, NULL),
(595, 0, 'AHMAD', 'GULAM', 'PADARWALA', NULL, NULL, NULL, '2023-03-27', 0, 37, NULL),
(596, 0, 'MO.ASIF', 'AHMAD', 'PADARWALA', NULL, NULL, NULL, '2023-03-27', 0, 37, NULL),
(597, 0, 'ATIF', 'AHMAD', 'PADARWALA', NULL, NULL, NULL, '2023-03-27', 0, 37, NULL),
(598, 0, 'UMMAR', 'FARUK', 'NODOLIYA', NULL, NULL, NULL, '2023-03-27', 0, 5, NULL),
(599, 0, 'FAISAL', 'KIFAYTULLAH', 'NODOLIYA', NULL, NULL, NULL, '2023-03-27', 0, 5, NULL),
(600, 0, 'MO.SAIFULLAH', 'KIFAYTULLAH', 'NODOLIYA', NULL, NULL, NULL, '2023-03-27', 0, 5, NULL),
(601, 0, 'FAIZAN', 'KIFAYTULLAH', 'NODOLIYA', NULL, NULL, NULL, '2023-03-27', 0, 5, NULL),
(602, 0, 'MUSTAKIM', 'USMAN', 'BADARPURA', NULL, NULL, NULL, '2023-03-28', 0, 32, NULL),
(603, 0, 'A.VAHID', 'ABDULLAH', 'JETHRA', NULL, NULL, NULL, '2023-03-28', 0, 29, NULL),
(604, 0, 'IKRAMUDDIN', 'ABBAS', 'JETHRA', NULL, NULL, NULL, '2023-03-28', 0, 29, NULL),
(605, 0, 'ADIL', 'YASIN', 'PATEL', NULL, NULL, NULL, '2023-03-28', 0, 24, NULL),
(606, 0, 'RAFIK', 'MAHEBOOB', 'GADHIYA', NULL, NULL, NULL, '2023-03-28', 0, 18, NULL),
(607, 0, 'IDRIS', 'DAUD', 'BAGA', NULL, NULL, NULL, '2023-03-28', 0, 7, NULL),
(608, 0, 'MAJID', 'IDRIS', 'PADARWALA', NULL, NULL, NULL, '2023-03-28', 0, 1, NULL),
(609, 0, 'JAVID', 'IDRIS', 'PADARWALA', NULL, NULL, NULL, '2023-03-28', 0, 1, NULL),
(610, 0, 'MO.SHAHID', 'IDRIS', 'PADARWALA', NULL, NULL, NULL, '2023-03-28', 0, 1, NULL),
(611, 0, 'MO.HASAN', 'YUSUF', 'PADARWALA', NULL, NULL, NULL, '2023-03-28', 0, 1, NULL),
(612, 0, 'MOHAMMAD', 'YUSUF', 'PADARWALA', NULL, NULL, NULL, '2023-03-28', 0, 1, NULL),
(613, 0, 'SHAFIK', 'UMMAR', 'PADARWALA', NULL, NULL, NULL, '2023-03-28', 0, 1, NULL),
(614, 0, 'UMMAR', 'IBHRAHIM', 'PADARWALA', NULL, NULL, NULL, '2023-03-28', 0, 1, NULL),
(615, 0, 'AHMAD', 'ISMAIL', 'PADARWALA', NULL, NULL, NULL, '2023-03-28', 0, 1, NULL),
(616, 0, 'MO.HARISH', 'AHMAD', 'PADARWALA', NULL, NULL, NULL, '2023-03-28', 0, 1, NULL),
(617, 0, 'MUSTAKIM', 'VALLI', 'SIDHPURA', NULL, NULL, NULL, '2023-03-28', 0, 15, NULL),
(618, 0, 'MUSTAKIM', 'VALLI', 'SIDHPURA', NULL, NULL, NULL, '2023-03-28', 0, 15, NULL),
(619, 0, 'MO.ABDUL KAIYYUN', 'SULEMAN', 'SUNASARA HADA', NULL, NULL, NULL, '2023-03-28', 0, 23, NULL),
(620, 0, 'MO.MOHAMMAD', 'MO.ABDUL KAIYYUM', 'SUNASARA HADA', NULL, NULL, NULL, '2023-03-28', 0, 23, NULL),
(621, 0, 'A.MAJID', 'ADAM', 'KHADAD', NULL, NULL, NULL, '2023-03-28', 0, 2, NULL),
(622, 0, 'A.HAMID', 'ADAM', 'KHADAD', NULL, NULL, NULL, '2023-03-28', 0, 2, NULL),
(623, 0, 'HA.UMMAR', 'ISMAIL', 'BAGA', NULL, NULL, NULL, '2023-03-28', 0, 7, NULL),
(624, 0, 'SAJID', 'VAZIR', 'ALAD', NULL, NULL, NULL, '2023-03-28', 0, 21, NULL),
(625, 0, 'SHAKIR', 'VAZIR', 'ALAD', NULL, NULL, NULL, '2023-03-28', 0, 21, NULL),
(626, 0, 'MO.ABDUL KAIYYUM', 'IBHRAHIM', 'MAJAN', NULL, NULL, NULL, '2023-03-28', 0, 9, NULL),
(627, 0, 'MO.YAHYA', 'MO.ABDUL KAIYYUM', 'MAJAN', NULL, NULL, NULL, '2023-03-28', 0, 9, NULL),
(628, 0, 'MO.MUSTUFA', 'MO.ABDUL KAIYYUM', 'MAJAN', NULL, NULL, NULL, '2023-03-28', 0, 9, NULL),
(629, 0, 'USMAN', 'A.RAHIM', 'KHADAD', NULL, NULL, NULL, '2023-03-28', 0, 2, NULL),
(630, 0, 'ABID', 'A.RAHIM', 'KHADAD', NULL, NULL, NULL, '2023-03-28', 0, 2, NULL),
(631, 0, 'A.HAMID', 'A.RAHIM', 'KADIWAL', NULL, NULL, NULL, '2023-03-28', 0, 2, NULL),
(632, 0, 'ASLAM', 'A.RAHIM', 'KADIWAL', NULL, NULL, NULL, '2023-03-28', 0, 14, NULL),
(633, 0, 'HARISH', 'A.RAHIM', 'KADIWAL', NULL, NULL, NULL, '2023-03-28', 0, 14, NULL),
(634, 0, 'ASIF', 'A.RAHIM', 'KADIWAL', NULL, NULL, NULL, '2023-03-28', 0, 14, NULL),
(635, 0, 'MO.RAFIK', 'GULAM RASUL', 'MADHIYA', NULL, NULL, NULL, '2023-03-29', 0, 4, NULL),
(637, 0, 'MARGUBREHMAN', 'MO.MAHEMUD', 'KHARAWALA', NULL, NULL, NULL, '2023-03-29', 0, 42, NULL),
(638, 0, 'MO.ATIKUR REHMAN', 'MO.MAHEMUD', 'KHARAWALA', NULL, NULL, NULL, '2023-03-29', 0, 42, NULL),
(639, 0, 'ABBAS', 'IBHRAHIM', 'BHORANIYA', NULL, NULL, NULL, '2023-03-29', 0, 6, NULL);
INSERT INTO `member` (`id`, `roll_no`, `f_name`, `m_name`, `l_name`, `g_f_name`, `g_m_name`, `g_l_name`, `join_date`, `pre_entry`, `clanid`, `m_number`) VALUES
(640, 0, 'MO.UMMAR', 'ABBAS', 'BHORANIYA', NULL, NULL, NULL, '2023-03-29', 0, 6, NULL),
(641, 0, 'HARUN', 'ABBAS', 'BHORANIYA', NULL, NULL, NULL, '2023-03-29', 0, 6, NULL),
(642, 0, 'MO.JAVID', 'ABBAS', 'BHORANIYA', NULL, NULL, NULL, '2023-03-29', 0, 6, NULL),
(643, 0, 'RIJWAN', 'USMAN NASHIR', 'PADARWALA', NULL, NULL, NULL, '2023-03-26', 0, 1, NULL),
(644, 0, 'MO.MOHAMMAD', 'USMAN', 'PADARWALA', NULL, NULL, NULL, '2023-03-26', 0, 1, NULL),
(645, 0, 'YASIN', 'IBHRAHIM', 'MAJAN', NULL, NULL, NULL, '2023-03-26', 0, 9, NULL),
(646, 0, 'MOHAMMAD', 'YASIN', 'MAJAN', NULL, NULL, NULL, '2023-03-26', 0, 9, NULL),
(647, 0, 'AHMAD', 'YASIN', 'MAJAN', NULL, NULL, NULL, '2023-03-26', 0, 9, NULL),
(648, 0, 'LUKMAN', 'ABUBAKKAR', 'BAGA', NULL, NULL, NULL, '2023-03-26', 0, 7, NULL),
(649, 0, 'MO.MOHAMMAD', 'LUKMAN', 'BAGA', NULL, NULL, NULL, '2023-03-26', 0, 7, NULL),
(650, 0, 'UMER', 'AKBAR', 'KHADAD', NULL, NULL, NULL, '2023-03-26', 0, 2, NULL),
(651, 0, 'ABDUL KADIR', 'SAEED', 'MAHESANIYA', NULL, NULL, NULL, '2023-03-26', 0, 16, NULL),
(652, 0, 'HAFIZ JABIR', 'NOOR MOHAMMAD', 'BADARPURA', NULL, NULL, NULL, '2023-03-26', 0, 32, NULL),
(653, 0, 'MOHAMMAD', 'JABIR', 'BADARPURA', NULL, NULL, NULL, '2023-03-26', 0, 32, NULL),
(654, 0, 'AHMAD', 'JABIR', 'BADARPURA', NULL, NULL, NULL, '2023-03-26', 0, 32, NULL),
(655, 0, 'MO.ABDUL RAZZAK', 'NOOR MOHAMMAD', 'BADARPURA', NULL, NULL, NULL, '2023-03-26', 0, 32, NULL),
(656, 0, 'HASAN', 'ABDULRAZZAK', 'BADARPURA', NULL, NULL, NULL, '2023-03-26', 0, 32, NULL),
(657, 0, 'ASLAM', 'HABIB', 'ALAD', NULL, NULL, NULL, '2023-03-26', 0, 13, NULL),
(658, 0, 'A.HAMID', 'SULEMAN', 'GULAR', NULL, NULL, NULL, '2023-03-26', 0, 20, NULL),
(659, 0, 'ABDUL KAIYYUM', 'ADAM', 'KHADAD', NULL, NULL, NULL, '2023-03-26', 0, 2, NULL),
(660, 0, 'JABIR', 'IBHRAHIM', 'JALOTARIYA', NULL, NULL, NULL, '2023-03-26', 0, 22, NULL),
(661, 0, 'JABIR', 'IBHRAHIM', 'JALOTARIYA', NULL, NULL, NULL, '2023-03-26', 0, 22, NULL),
(662, 0, 'IRFAN', 'IBHRAHIM', 'JALOTARIYA', NULL, NULL, NULL, '2023-03-26', 0, 22, NULL),
(663, 0, 'SHOAIB', 'HABIB', 'JALOTARIYA', NULL, NULL, NULL, '2023-03-26', 0, 22, NULL),
(664, 0, 'A.KAIYYUM', 'VALLI', 'SIDHPURA', NULL, NULL, NULL, '2023-03-26', 0, 15, NULL),
(665, 0, 'ABUBAKKAR', 'SULEMAN', 'GAJIWALA', NULL, NULL, NULL, '2023-03-26', 0, 3, NULL),
(666, 0, 'SHAFIK', 'ABUBAKKAR', 'GAJIWALA', NULL, NULL, NULL, '2023-03-26', 0, 3, NULL),
(667, 0, 'SOHEL', 'ABUBAKKAR', 'GAJIWALA', NULL, NULL, NULL, '2023-03-26', 0, 3, NULL),
(668, 0, 'RIJWAN', 'ABBAS', 'VALUDA', NULL, NULL, NULL, '2023-03-26', 0, 19, NULL),
(669, 0, 'LUKMAN', 'ABBAS', 'VALUDA', NULL, NULL, NULL, '2023-03-26', 0, 19, NULL),
(670, 0, 'ASLAM', 'UMMAR', 'ALAD', NULL, NULL, NULL, '2023-03-26', 0, 13, NULL),
(671, 0, 'ASIF', 'UMMAR', 'ALAD', NULL, NULL, NULL, '2023-03-26', 0, 13, NULL),
(672, 0, 'IRFAN', 'UMMAR', 'ALAD', NULL, NULL, NULL, '2023-03-26', 0, 13, NULL),
(673, 0, 'MO.ALTAF', 'UMMAR', 'ALAD', NULL, NULL, NULL, '2023-03-26', 0, 13, NULL),
(674, 0, 'HASAN', 'JAHIRUDDIN', 'BADARPURA', NULL, NULL, NULL, '2023-03-26', 0, 32, NULL),
(675, 0, 'HUSAIN', 'JAHIRUDDIN', 'BADARPURA', NULL, NULL, NULL, '2023-03-26', 0, 32, NULL),
(676, 0, 'MO.A.HALIM', 'A.RAHIM', 'SURA', NULL, NULL, NULL, '2023-03-26', 0, 12, NULL),
(677, 0, 'MO.RIJWAN', 'ABUBAKKAR', 'BAGA', NULL, NULL, NULL, '2023-03-26', 0, 7, NULL),
(678, 0, 'ABBAS', 'GULAM', 'PADARWALA', NULL, NULL, NULL, '2023-03-27', 0, 1, NULL),
(679, 0, 'SHAHID', 'YUSUF', 'PADARWALA', NULL, NULL, NULL, '2023-03-27', 0, 1, NULL),
(680, 0, 'MO.ARIF', 'IDRIS', 'PADARWALA', NULL, NULL, NULL, '2023-03-27', 0, 1, NULL),
(681, 0, 'IRFAN', 'GULAM', 'PADARWALA', NULL, NULL, NULL, '2023-03-27', 0, 37, NULL),
(682, 0, 'MO.SAFFVAN', 'IRFAN', 'PADARWALA', NULL, NULL, NULL, '2023-03-27', 0, 37, NULL),
(683, 0, 'MOHAMMAD', 'MO.ISMAIL', 'KHADAD', NULL, NULL, NULL, '2023-03-27', 0, 2, NULL),
(684, 0, 'UMER', 'FARUK', 'NODOLIYA', NULL, NULL, NULL, '2023-03-27', 0, 5, NULL),
(685, 0, 'SAIFUDDIN', 'MO.ISMAIL', 'BADARPURA', NULL, NULL, NULL, '2023-03-27', 0, 32, NULL),
(686, 0, 'MOINUDDIN', 'MO.ISMAIL', 'BADARPURA', NULL, NULL, NULL, '2023-03-27', 0, 32, NULL),
(687, 0, 'MO.MUNISH', 'MOINUDDIN', 'BADARPURA', NULL, NULL, NULL, '2023-03-27', 0, 32, NULL),
(688, 0, 'RAHMATULLAH', 'VALLI', 'SURA', NULL, NULL, NULL, '2023-03-27', 0, 12, NULL),
(689, 0, 'HARUN', 'DAUD', 'PATEL', NULL, NULL, NULL, '2023-03-27', 0, 24, NULL),
(690, 0, 'SIRAJ', 'AIYYUB', 'GAJIWALA', NULL, NULL, NULL, '2023-03-27', 0, 3, NULL),
(691, 0, 'YUNUS', 'DAUD', 'BAGA', NULL, NULL, NULL, '2023-03-27', 0, 7, NULL),
(692, 0, 'ADIB', 'AIYYUB', 'ALAD', NULL, NULL, NULL, '2023-03-27', 0, 13, NULL),
(693, 0, 'SULEMAN', 'YUSUF', 'ALAD', NULL, NULL, NULL, '2023-04-09', 0, 13, NULL),
(694, 0, 'ABID', 'SULEMAN', 'ALAD', NULL, NULL, NULL, '2023-04-18', 0, 13, NULL),
(695, 0, 'HASSAN', 'ABID', 'ALAD', NULL, NULL, NULL, '2023-04-09', 0, 13, NULL),
(696, 0, 'JAKIR', 'SULEMAN', 'ALAD', NULL, NULL, NULL, '2023-04-09', 0, 13, NULL),
(697, 0, 'JAKIR', 'SULEMAN', 'ALAD', NULL, NULL, NULL, '2023-04-09', 0, 13, NULL),
(698, 0, 'JAVID', 'SULEMAN', 'ALAD', NULL, NULL, NULL, '2023-04-09', 0, 13, NULL),
(699, 0, 'SAJID', 'SULEMAN', 'ALAD', NULL, NULL, NULL, '2023-04-09', 0, 13, NULL),
(700, 0, 'MAJID', 'SULEMAN', 'ALAD', NULL, NULL, NULL, '2023-04-09', 0, 13, NULL),
(701, 0, 'MUJAHID', 'SULEMAN', 'ALAD', NULL, NULL, NULL, '2023-04-09', 0, 13, NULL),
(702, 0, 'ZAID', 'SULEMAN', 'ALAD', NULL, NULL, NULL, '2023-04-09', 0, 13, NULL),
(703, 0, 'SHAFIK', 'GULAMRASOOL', 'ALAD', NULL, NULL, NULL, '2023-04-09', 0, 21, NULL),
(704, 0, 'MO.MOHAMMAD', 'MAHEMUD', 'GADHIYA', NULL, NULL, NULL, '2023-04-09', 0, 18, NULL),
(705, 0, 'IRFAN', 'YASIN', 'JALOTARIYA', NULL, NULL, NULL, '2023-04-09', 0, 22, NULL),
(706, 0, 'IDRIS', 'GULAM', 'PADARWALA', NULL, NULL, NULL, '2023-04-09', 0, 1, NULL),
(707, 0, 'LUKMAN', 'IDRIS', 'PADARWALA', NULL, NULL, NULL, '2023-04-09', 0, 1, NULL),
(708, 0, 'MO.BILAL', 'IDRIS', 'PADARWALA', NULL, NULL, NULL, '2023-04-09', 0, 1, NULL),
(709, 0, 'MOHAMMAD', 'IDRIS', 'PADARWALA', NULL, NULL, NULL, '2023-04-09', 0, 1, NULL),
(710, 0, 'ALTAF', 'OVESH', 'NODOLIYA', NULL, NULL, NULL, '2023-04-09', 0, 5, NULL),
(711, 0, 'AMIN', 'DAUD', 'PATEL', NULL, NULL, NULL, '2023-04-09', 0, 24, NULL),
(712, 0, 'JUBER', 'ISMAIL', 'ALAD', NULL, NULL, NULL, '2023-04-09', 0, 13, NULL),
(713, 0, 'IMRAN', 'JUBER', 'ALAD', NULL, NULL, NULL, '2023-04-09', 0, 13, NULL),
(714, 0, 'MOHAMMAD', 'JUBER', 'ALAD', NULL, NULL, NULL, '2023-04-09', 0, 13, NULL),
(715, 0, 'AHMAD', 'JUBER', 'ALAD', NULL, NULL, NULL, '2023-04-09', 0, 13, NULL),
(716, 0, 'SALIM', 'RAHMATULLAH', 'KHADAD', NULL, NULL, NULL, '2023-04-09', 0, 2, NULL),
(717, 0, 'IRFAN', 'AKBAR', 'ALAD', NULL, NULL, NULL, '2023-04-10', 0, 3, NULL),
(718, 0, 'MO.ABDUL REHMAN', 'SAEED', 'MAHESANIYA', NULL, NULL, NULL, '2023-04-10', 0, 16, NULL),
(719, 0, 'AMMAR', 'AKBAR', 'MADHIYA', NULL, NULL, NULL, '2023-04-10', 0, 4, NULL),
(720, 0, 'HASAN', 'LUKMAN', 'PADARWALA', NULL, NULL, NULL, '2023-04-10', 0, 1, NULL),
(721, 0, 'HUSAIN', 'LUKMAN', 'PADARWALA', NULL, NULL, NULL, '2023-04-10', 0, 1, NULL),
(722, 0, 'MO.YUSUSF', 'IBHRAHIM', 'PATEL', NULL, NULL, NULL, '2023-04-10', 0, 24, NULL),
(723, 0, 'AMIN', 'AKBAR', 'KADIWAL', NULL, NULL, NULL, '2023-04-11', 0, 14, NULL),
(724, 0, 'AMIR', 'AKBAR', 'KADIWAL', NULL, NULL, NULL, '2023-04-11', 0, 14, NULL),
(725, 0, 'SHOAIB', 'DAUD', 'MUKHI', NULL, NULL, NULL, '2023-04-11', 0, 23, NULL),
(726, 0, 'SAAD', 'SHOAIB', 'MUKHI', NULL, NULL, NULL, '2023-04-11', 0, 43, NULL),
(727, 0, 'ASLAM', 'ABBAS', 'GAJIWALA', NULL, NULL, NULL, '2023-04-11', 0, 3, NULL),
(728, 0, 'MOHAMMAD', 'A.HAMID', 'KADIWAL', NULL, NULL, NULL, '2023-04-11', 0, 14, NULL),
(729, 0, 'A.KAIYYUM', 'ALJI', 'KHADAD', NULL, NULL, NULL, '2023-04-11', 0, 2, NULL),
(730, 0, 'LUKMAN', 'A.RAHIM', 'PADARWALA', NULL, NULL, NULL, '2023-04-11', 0, 1, NULL),
(731, 0, 'IBHRAHIM', 'A.RAHIM', 'PADARWALA', NULL, NULL, NULL, '2023-04-11', 0, 1, NULL),
(732, 0, 'ABID', 'A.RAHIM', 'PADARWALA', NULL, NULL, NULL, '2023-04-11', 0, 1, NULL),
(733, 0, 'MO.TAHIR', 'A.RAHIM', 'PADARWALA', NULL, NULL, NULL, '2023-04-11', 0, 1, NULL),
(734, 0, 'MOHAMMAD', 'LUKMAN', 'PADARWALA', NULL, NULL, NULL, '2023-04-11', 0, 1, NULL),
(735, 0, 'MASUD', 'LUKMAN', 'PADARWALA', NULL, NULL, NULL, '2023-04-11', 0, 1, NULL),
(736, 0, 'MO.MANJUR', 'LUKMAN', 'PADARWALA', NULL, NULL, NULL, '2023-04-11', 0, 1, NULL),
(737, 0, 'SAFVAN', 'RAHMATULLAH', 'BADARPURA', NULL, NULL, NULL, '2023-04-11', 0, 32, NULL),
(738, 0, 'AMIN', 'ADAM', 'NODOLIYA', NULL, NULL, NULL, '2023-04-11', 0, 5, NULL),
(739, 0, 'FAIYYAZ', 'AMIN', 'NODOLIYA', NULL, NULL, NULL, '2023-04-11', 0, 5, NULL),
(740, 0, 'MO.JAHUR', 'MO.MAHEMUD', 'KHARAWALA', NULL, NULL, NULL, '2023-04-03', 0, 42, NULL),
(741, 0, 'MUSTAKIM', 'ADAM', 'JALOTARIYA', NULL, NULL, NULL, '2023-04-03', 0, 22, NULL),
(742, 0, 'TAIYYAB', 'A.RAZZAK', 'BAGA', NULL, NULL, NULL, '2023-04-04', 0, 7, NULL),
(743, 0, 'ISMAIL', 'IBHRAHIM', 'BAGA', NULL, NULL, NULL, '2023-04-03', 0, 7, NULL),
(744, 0, 'ADNAN', 'ISMAIL', 'BAGA', NULL, NULL, NULL, '2023-04-03', 0, 7, NULL),
(745, 0, 'SUFIYAN', 'ISMAIL', 'BAGA', NULL, NULL, NULL, '2023-04-03', 0, 7, NULL),
(746, 0, 'MO.SALMAN', 'ISMAIL', 'BAGA', NULL, NULL, NULL, '2023-04-04', 0, 7, NULL),
(747, 0, 'HOJEFA', 'ISMAIL', 'BAGA', NULL, NULL, NULL, '2023-04-03', 0, 7, NULL),
(748, 0, 'MO.NEAMATULLAH', 'DAUD', 'BAGA', NULL, NULL, NULL, '2023-04-04', 0, 7, NULL),
(749, 0, 'IMRAN', 'IBHRAHIM', 'BAGA', NULL, NULL, NULL, '2023-04-03', 0, 7, NULL),
(750, 0, 'MAAZ', 'ASLAM', 'PADARWALA', NULL, NULL, NULL, '2023-04-03', 0, 1, NULL),
(751, 0, 'UMMAR', 'A.KARIM', 'BAGA', NULL, NULL, NULL, '2023-04-03', 0, 7, NULL),
(752, 0, 'MOHAMMAD', 'UMMAR', 'BAGA', NULL, NULL, NULL, '2023-04-03', 0, 7, NULL),
(753, 0, 'AHMAD', 'UMMAR', 'BAGA', NULL, NULL, NULL, '2023-04-03', 0, 7, NULL),
(754, 0, 'ATIF', 'AIYYUB', 'MUKHI', NULL, NULL, NULL, '2023-04-03', 0, 43, NULL),
(755, 0, 'ANAS', 'ISMAIL', 'GADHIYA', NULL, NULL, NULL, '2023-04-03', 0, 18, NULL),
(756, 0, 'MOHAMMAD', 'ABBAS', 'GARDERA', NULL, NULL, NULL, '2023-04-03', 0, 11, NULL),
(757, 0, 'MO.MAJID', 'YUSUF', 'PADARWALA', NULL, NULL, NULL, '2023-04-03', 0, 1, NULL),
(758, 0, 'AHMAD', 'YUSUF', 'PATEL', NULL, NULL, NULL, '2023-04-03', 0, 24, NULL),
(759, 0, 'MO.RAFIK', 'GULAM RASOOL', 'ALAD', NULL, NULL, NULL, '2023-04-03', 0, 13, NULL),
(760, 0, 'KHABBAB', 'USMAN', 'SUNASARA', NULL, NULL, NULL, '2023-04-04', 0, 23, NULL),
(761, 0, 'AMMAR', 'ABBAS', 'SUNASARA', NULL, NULL, NULL, '2023-04-04', 0, 23, NULL),
(762, 0, 'ASHRAF', 'YUNUS', 'KHARAWALA', NULL, NULL, NULL, '2023-04-04', 0, 42, NULL),
(763, 0, 'AFZAL', 'YUNUS', 'KHARAWALA', NULL, NULL, NULL, '2023-04-04', 0, 42, NULL),
(764, 0, 'MO.ALTAF', 'YUNUS', 'KHARAWALA', NULL, NULL, NULL, '2023-04-04', 0, 42, NULL),
(765, 0, 'USAMA', 'UMMAR', 'KHARAWALA', NULL, NULL, NULL, '2023-04-04', 0, 42, NULL),
(766, 0, 'SHAMSHUDDIN', 'VAJIR', 'GADHIYA', NULL, NULL, NULL, '2023-04-04', 0, 18, NULL),
(767, 0, 'SAAD', 'SHAMSHUDDIN', 'GADHIYA', NULL, NULL, NULL, '2023-04-04', 0, 18, NULL),
(768, 0, 'SHAFIK', 'SHAMSHUDDIN', 'GADHIYA', NULL, NULL, NULL, '2023-04-04', 0, 18, NULL),
(769, 0, 'USAMA', 'ABDULLAH', 'JETHRA', NULL, NULL, NULL, '2023-04-04', 0, 29, NULL),
(770, 0, 'IMRAN', 'ABDILLAH', 'GARDERA', NULL, NULL, NULL, '2023-04-04', 0, 11, NULL),
(771, 0, 'RIJWAN', 'ASLAM', 'PADARWALA', NULL, NULL, NULL, '2023-04-04', 0, 1, NULL),
(772, 0, 'ASLAM', 'ABBAS', 'PADARWALA', NULL, NULL, NULL, '2023-04-04', 0, 1, NULL),
(773, 0, 'SALAMN', 'MO.YUSUF', 'PATEL', NULL, NULL, NULL, '2023-04-04', 0, 24, NULL),
(774, 0, 'UMMAR', 'GULAM RASOOL', 'SUNASARA', NULL, NULL, NULL, '2023-04-04', 0, 23, NULL),
(775, 0, 'HABIB', 'ALAUDDIN', 'BHORANIYA', NULL, NULL, NULL, '2023-04-04', 0, 6, NULL),
(776, 0, 'INAYTULLAH', 'HABIB', 'BHORANIYA', NULL, NULL, NULL, '2023-04-04', 0, 6, NULL),
(777, 0, 'SHOKAT', 'HABIB', 'BHORANIYA', NULL, NULL, NULL, '2023-04-04', 0, 6, NULL),
(778, 0, 'RAHMATULLAH', 'GULAM', 'PADARWALA', NULL, NULL, NULL, '2023-04-04', 0, 1, NULL),
(779, 0, 'MO.AFJAL', 'A.HAMID', 'PADARWALA', NULL, NULL, NULL, '2023-04-04', 0, 1, NULL),
(780, 0, 'MUSTUFA', 'RAHMATULLAH', 'PADARWALA', NULL, NULL, NULL, '2023-04-04', 0, 1, NULL),
(781, 0, 'SAIFUDDIN', 'AHMAD', 'PADARWALA', NULL, NULL, NULL, '2023-04-05', 0, 35, NULL),
(782, 0, 'SADIK', 'HARUN', 'PATEL', NULL, NULL, NULL, '2023-04-05', 0, 24, NULL),
(783, 0, 'SIRAJ', 'HARUN', 'PATEL', NULL, NULL, NULL, '2023-04-05', 0, 24, NULL),
(784, 0, 'SHAFIK', 'GULAM', 'ALAD', NULL, NULL, NULL, '2023-04-05', 0, 13, NULL),
(785, 0, 'TUFEL', 'HARUN', 'NODOLIYA', NULL, NULL, NULL, '2023-04-05', 0, 5, NULL),
(786, 0, 'MO.USMAN', 'UMMAR', 'NODOLIYA', NULL, NULL, NULL, '2023-04-05', 0, 5, NULL),
(787, 0, 'UMMAR', 'ISMAIL', 'BHORANIYA', NULL, NULL, NULL, '2023-04-05', 0, 6, NULL),
(788, 0, 'MOHAMMAD', 'ASLAM', 'ALAD', NULL, NULL, NULL, '2023-04-05', 0, 13, NULL),
(789, 0, 'YUNUS', 'IBHRAHIM', 'PATEL', NULL, NULL, NULL, '2023-04-05', 0, 24, NULL),
(790, 0, 'A.REHMAN', 'DAUD', 'PADARWALA', NULL, NULL, NULL, '2023-04-05', 0, 1, NULL),
(791, 0, 'MO.AMMAR', 'FARUK', 'PADARWALA', NULL, NULL, NULL, '2023-04-05', 0, 1, NULL),
(792, 0, 'ABBAS', 'KARIMAD', 'KHADAD CHACHA', NULL, NULL, NULL, '2023-04-05', 0, 2, NULL),
(793, 0, 'ANIS', 'IBHRAHIM', 'SUNASARA', NULL, NULL, NULL, '2023-04-06', 0, 44, NULL),
(794, 0, 'ADAM', 'DAUD', 'PADARWALA', NULL, NULL, NULL, '2023-04-06', 0, 1, NULL),
(795, 0, 'SHAFIK', 'ADAM', 'PADARWALA', NULL, NULL, NULL, '2023-04-06', 0, 1, NULL),
(796, 0, 'A.SAMAD', 'SIDDIK', 'NODOLIYA', NULL, NULL, NULL, '2023-04-06', 0, 5, NULL),
(797, 0, 'MOHAMMAD', 'A.SAMAD', 'NODOLIYA', NULL, NULL, NULL, '2023-04-06', 0, 5, NULL),
(798, 0, 'MOHAMMAD', 'MO.YUSUF', 'PATEL', NULL, NULL, NULL, '2023-04-07', 0, 24, NULL),
(799, 0, 'SABIR', 'HARUN', 'PATEL', NULL, NULL, NULL, '2023-04-07', 0, 24, NULL),
(800, 0, 'AHMAD', 'DAUD', 'PADARWALA', NULL, NULL, NULL, '2023-04-07', 0, 1, NULL),
(801, 0, 'MO.NIJAMUDDIN', 'AHMAD', 'PADARWALA', NULL, NULL, NULL, '2023-04-07', 0, 1, NULL),
(802, 0, 'ATAULLAH', 'MO.ISMAIL', 'BADARPURA', NULL, NULL, NULL, '2023-04-07', 0, 32, NULL),
(803, 0, 'HIFZUR REHMAN', 'A.RAHIM', 'HAIDARPURI', NULL, NULL, NULL, '2023-04-07', 0, 1, NULL),
(804, 0, 'JAVID', 'HIFZUR REHMAN', 'HAIDARPURI', NULL, NULL, NULL, '2023-04-07', 0, 1, NULL),
(805, 0, 'AMIR', 'HIFZUR REHMAN', 'HAIDARPURI', NULL, NULL, NULL, '2023-04-07', 0, 1, NULL),
(806, 0, 'ARKAM', 'HIFZUR REHMAN', 'HAIDARPURI', NULL, NULL, NULL, '2023-04-07', 0, 1, NULL),
(807, 0, 'ABULVAFA', 'HIFZUR REHMAN', 'HAIDARPURI', NULL, NULL, NULL, '2023-04-07', 0, 1, NULL),
(808, 0, 'A.HAMID', 'A.RAHIM', 'HAIDARPURI', NULL, NULL, NULL, '2023-04-07', 0, 1, NULL),
(809, 0, 'MO.ARSHAD', 'A.RAHIM', 'HAIDARPURI', NULL, NULL, NULL, '2023-04-07', 0, 1, NULL),
(810, 0, 'AIYYUB', 'IDRIS', 'NODOLIYA', NULL, NULL, NULL, '2023-04-07', 0, 5, NULL),
(811, 0, 'MO.NAEEM', 'AIYYUB', 'NODOLIYA', NULL, NULL, NULL, '2023-04-07', 0, 5, NULL),
(812, 0, 'JUBER', 'SULEMAN', 'JALOTARIYA', NULL, NULL, NULL, '2023-04-07', 0, 22, NULL),
(813, 0, 'RIJWAN', 'SULEMAN', 'JALOTARIYA', NULL, NULL, NULL, '2023-04-07', 0, 22, NULL),
(814, 0, 'ARSHAD', 'JUBER', 'JALOTARIYA', NULL, NULL, NULL, '2023-04-07', 0, 22, NULL),
(815, 0, 'FAIZAN', 'AMIN', 'NODOLIYA', NULL, NULL, NULL, '2023-04-07', 0, 5, NULL),
(816, 0, 'SHABBIR', 'SULEMAN', 'SUNASARA', NULL, NULL, NULL, '2023-04-08', 0, 34, NULL),
(817, 0, 'SHAHID', 'SHABBIR', 'SUNASARA', NULL, NULL, NULL, '2023-04-08', 0, 34, NULL),
(818, 0, 'RAFIK', 'ISMAIL', 'ALAD', NULL, NULL, NULL, '2023-04-08', 0, 13, NULL),
(819, 0, 'ISHAK', 'IBHRAHIM', 'BAGA', NULL, NULL, NULL, '2023-04-08', 0, 7, NULL),
(820, 0, 'SAAD', 'ISHAK', 'BAGA', NULL, NULL, NULL, '2023-04-08', 0, 7, NULL),
(821, 0, 'SAEED', 'ISHAK', 'BAGA', NULL, NULL, NULL, '2023-04-08', 0, 7, NULL),
(822, 0, 'YASIN', 'GULAMRASOOL', 'ALAD', NULL, NULL, NULL, '2023-04-08', 0, 13, NULL),
(823, 0, 'MO.HARUN', 'ISMAIL', 'MAJAN', NULL, NULL, NULL, '2023-04-08', 0, 9, NULL),
(824, 0, 'JAVID', 'IBHRAHIM', 'SHERU', NULL, NULL, NULL, '2023-04-08', 0, 45, NULL),
(825, 0, 'SULEMAN', 'IBHRAHIM', 'VALUDA', NULL, NULL, NULL, '2023-04-08', 0, 19, NULL),
(826, 0, 'IRSHAD', 'ABDUL', 'VALUDA', NULL, NULL, NULL, '2023-04-08', 0, 19, NULL),
(827, 0, 'ADIL', 'ABDUL', 'VALUDA', NULL, NULL, NULL, '2023-04-08', 0, 19, NULL),
(828, 0, 'AKIB', 'ABDUL', 'VALUDA', NULL, NULL, NULL, '2023-04-08', 0, 19, NULL),
(829, 0, 'ABID', 'ISMAIL', 'GAJIWALA', NULL, NULL, NULL, '2023-04-08', 0, 3, NULL),
(830, 0, 'RIJWAN', 'ISMAIL', 'GAJIWALA', NULL, NULL, NULL, '2023-04-08', 0, 3, NULL),
(831, 0, 'TOFIK', 'ISMAIL', 'GAJIWALA', NULL, NULL, NULL, '2023-04-08', 0, 3, NULL),
(832, 0, 'MOHAMMAD', 'RAFIK', 'NODOLIYA BAMBA', NULL, NULL, NULL, '2023-04-08', 0, 5, NULL),
(833, 0, 'A.MAJID', 'ABDULLAH', 'JETHRA', NULL, NULL, NULL, '2023-04-08', 0, 29, NULL),
(834, 0, 'MO.SALMAN', 'IBHRAHIM', 'NODOLIYA BAMBA', NULL, NULL, NULL, '2023-04-08', 0, 5, NULL),
(835, 0, 'ABRAR', 'AHMAD', 'PATEL', NULL, NULL, NULL, '2023-04-08', 0, 24, NULL),
(836, 0, 'MUJAHID', 'AHMAD', 'PADARWALA', NULL, NULL, NULL, '2023-04-09', 0, 1, NULL),
(837, 0, 'MOHSIN', 'AHMAD', 'PADARWALA', NULL, NULL, NULL, '2023-04-09', 0, 1, NULL),
(838, 0, 'MOHAMMAD', 'AHMAD', 'PADARWALA', NULL, NULL, NULL, '2023-04-09', 0, 1, NULL),
(839, 0, 'ISMAIL', 'IBHRAHIM', 'SUNASARA', NULL, NULL, NULL, '2023-03-24', 0, 41, NULL),
(840, 0, 'MUSTUFA', 'ISMAIL', 'SUNASARA', NULL, NULL, NULL, '2023-03-24', 0, 41, NULL),
(841, 0, 'ABUBAKKAR', 'MOHAMMAD', 'MARKANIYA', NULL, NULL, NULL, '2023-03-24', 0, 8, NULL),
(842, 0, 'TALHA', 'ABUBAKKAR', 'MARKANIYA', NULL, NULL, NULL, '2023-03-24', 0, 8, NULL),
(843, 0, 'MO.AMMAR', 'ABUBAKKAR', 'MARKANIYA', NULL, NULL, NULL, '2023-03-24', 0, 8, NULL),
(844, 0, 'MO.AMIN', 'JAMAL', 'PADARWALA', NULL, NULL, NULL, '2023-03-24', 0, 1, NULL),
(845, 0, 'AHMAD', 'MO.ISMAIL', 'KHADAD', NULL, NULL, NULL, '2023-03-24', 0, 2, NULL),
(846, 0, 'MO.TAHA', 'MO.ISMAIL', 'KHADAD', NULL, NULL, NULL, '2023-03-24', 0, 2, NULL),
(847, 0, 'MO.SHAHID', 'AHMAD', 'KHADAD', NULL, NULL, NULL, '2023-03-24', 0, 2, NULL),
(848, 0, 'MUSTAKIM', 'ISMAIL', 'GARDERA', NULL, NULL, NULL, '2023-03-25', 0, 11, NULL),
(849, 0, 'KHALIL AHMAD', 'IBHRAHIM', 'BAGA', NULL, NULL, NULL, '2023-03-25', 0, 7, NULL),
(850, 0, 'IMRAN', 'KHALIL AHMAD', 'BAGA', NULL, NULL, NULL, '2023-04-25', 0, 7, NULL),
(851, 0, 'MO.IRFAN', 'KHAKIL AHMAD', 'BAGA', NULL, NULL, NULL, '2023-03-25', 0, 7, NULL),
(852, 0, 'MO.MOHAMMAD', 'KHALIL AHMAD', 'BAGA', NULL, NULL, NULL, '2023-03-25', 0, 7, NULL),
(853, 0, 'MO.LUKMAN', 'SULEMAN', 'BHORANIYA', NULL, NULL, NULL, '2023-03-25', 0, 6, NULL),
(854, 0, 'TALHA', 'SULEMAN', 'BHORANIYA', NULL, NULL, NULL, '2023-03-23', 0, 6, NULL),
(855, 0, 'RIYAZ', 'YASIN', 'SUNASARA', NULL, NULL, NULL, '2023-03-26', 0, 34, NULL),
(856, 0, 'AMMAR', 'JUBER', 'GADHIYA', NULL, NULL, NULL, '2023-03-26', 0, 18, NULL),
(857, 0, 'UMMAR', 'AKBAR', 'KADIWAL', NULL, NULL, NULL, '2023-03-26', 0, 14, NULL),
(858, 0, 'MO.MOHAMMAD', 'UMMAR', 'KADIWAL', NULL, NULL, NULL, '2023-03-26', 0, 14, NULL),
(859, 0, 'ABUBAKKAR', 'A.RAHIM', 'ALAD', NULL, NULL, NULL, '2023-03-26', 0, 21, NULL),
(860, 0, 'MO.SIDDIK', 'SULEMAN', 'PATEL', NULL, NULL, NULL, '2023-03-26', 0, 24, NULL),
(861, 0, 'MO.SHAKIR', 'A.KARIM', 'GAJIWALA', NULL, NULL, NULL, '2023-03-26', 0, 3, NULL),
(862, 0, 'MO.IMRAN', 'ABBAS', 'ALAD', NULL, NULL, NULL, '2023-03-26', 0, 29, NULL),
(863, 0, 'MO.IKRAMA', 'MO.IMRAN', 'ALAD', NULL, NULL, NULL, '2023-03-26', 0, 29, NULL),
(864, 0, 'ILIYAS', 'ISMAIL', 'ALAD', NULL, NULL, NULL, '2023-03-27', 0, 21, NULL),
(865, 0, 'IRSHAD', 'ISMAIL', 'ALAD', NULL, NULL, NULL, '2023-03-27', 0, 21, NULL),
(866, 0, 'MO.ISRAIL', 'ISMAIL', 'ALAD', NULL, NULL, NULL, '2023-03-27', 0, 21, NULL),
(867, 0, 'SAJJAD', 'SOHEL', 'GADHIYA', NULL, NULL, NULL, '2023-03-27', 0, 18, NULL),
(868, 0, 'SOHEL', 'A.RAHIM', 'GADHIYA', NULL, NULL, NULL, '2023-03-27', 0, 18, NULL),
(869, 0, 'KIFAYTULLAH', 'ABDUL', 'GARDERA', NULL, NULL, NULL, '2023-03-27', 0, 11, NULL),
(870, 0, 'MO.HUSAIN', 'KIFAYTULLAH', 'GARDERA', NULL, NULL, NULL, '2023-03-27', 0, 11, NULL),
(871, 0, 'RIYAJ', 'IBHRAHIM', 'KADIWAL', NULL, NULL, NULL, '2023-03-27', 0, 14, NULL),
(872, 0, 'MO.RIJWAN', 'SULEMAN', 'SHELIYA', NULL, NULL, NULL, '2023-03-27', 0, 17, NULL),
(873, 0, 'AHMAD', 'SULEMAN', 'SHELIYA', NULL, NULL, NULL, '2023-03-27', 0, 17, NULL),
(874, 0, 'IDRIS', 'HABIB', 'ALAD DIRA', NULL, NULL, NULL, '2023-03-27', 0, 13, NULL),
(875, 0, 'LUKMAN', 'DAUD', 'KHADAD', NULL, NULL, NULL, '2023-03-27', 0, 2, NULL),
(876, 0, 'MO.YUNUS', 'DAUD', 'KHADAD', NULL, NULL, NULL, '2023-03-27', 0, 2, NULL),
(877, 0, 'USMAN', 'DAUD', 'KHADAD', NULL, NULL, NULL, '2023-03-27', 0, 2, NULL),
(878, 0, 'MO.FURKAN', 'DAUD', 'KHADAD', NULL, NULL, NULL, '2023-03-27', 0, 2, NULL),
(879, 0, 'NAUMAN', 'DAUD', 'KHADAD', NULL, NULL, NULL, '2023-03-27', 0, 2, NULL),
(880, 0, 'YASIN', 'A.RAHIM', 'SUNASARA', NULL, NULL, NULL, '2023-03-27', 0, 23, NULL),
(881, 0, 'MO.FAISAL', 'YASIN', 'SUNASARA', NULL, NULL, NULL, '2023-03-27', 0, 23, NULL),
(882, 0, 'MOHAMMAD HANIF', 'ISMAIL', 'KADIWAL', NULL, NULL, NULL, '2023-03-27', 0, 14, NULL),
(883, 0, 'MO.SHAKIR', 'AIYYUB', 'KAPADIYA', NULL, NULL, NULL, '2023-03-27', 0, 31, NULL),
(884, 0, 'AIYYUB', 'HABIB', 'KAPADIYA', NULL, NULL, NULL, '2023-03-27', 0, 31, NULL),
(885, 0, 'ISMAIL', 'HABIB', 'GAJIWALA', NULL, NULL, NULL, '2023-03-28', 0, 3, NULL),
(886, 0, 'IMRANA ', 'ISMAIL', 'GAJIWALA', NULL, NULL, NULL, '2023-03-28', 0, 3, NULL),
(887, 0, 'MAZHAR', 'ABUBAKKAR', 'KHARAWALA', NULL, NULL, NULL, '2023-04-03', 0, 42, NULL),
(888, 0, 'ARIF', 'YUNUS', 'SUNASARA', NULL, NULL, NULL, '2023-04-03', 0, 23, NULL),
(889, 0, 'JABIR', 'A.KARIM', 'SUNASARA', NULL, NULL, NULL, '2023-04-03', 0, 23, NULL),
(890, 0, 'FAHAD', 'JABIR', 'SUNASARA', NULL, NULL, NULL, '2023-04-03', 0, 23, NULL),
(891, 0, 'MO.IMTIYAZ', 'ISMAIL', 'ALAD', NULL, NULL, NULL, '2023-04-03', 0, 21, NULL),
(892, 0, 'AMMAR', 'AKBAR', 'KADIWAL', NULL, NULL, NULL, '2023-04-03', 0, 14, NULL),
(893, 0, 'ASHFAK', 'ABBAS', 'GAJIWALA', NULL, NULL, NULL, '2023-04-03', 0, 3, NULL),
(894, 0, 'SADIK', 'SULEMAN', 'GULAR', NULL, NULL, NULL, '2023-04-03', 0, 20, NULL),
(895, 0, 'SALIM', 'SULEMAN', 'GULAR', NULL, NULL, NULL, '2023-04-03', 0, 20, NULL),
(896, 0, 'AHMAD', 'A.RAHIM', 'GAJIWALA', NULL, NULL, NULL, '2023-04-03', 0, 3, NULL),
(897, 0, 'MO.SAFFAN', 'LUKMAN', 'KHADAD', NULL, NULL, NULL, '2023-04-03', 0, 2, NULL),
(898, 0, 'MO.SALMAN', 'LUKMAN', 'KHADAD', NULL, NULL, NULL, '2023-04-03', 0, 2, NULL),
(899, 0, 'ARIF', 'IBHRAHIM', 'GAJIWALA', NULL, NULL, NULL, '2023-04-03', 0, 3, NULL),
(900, 0, 'ASIF', 'ADAM', 'ALAD LALA', NULL, NULL, NULL, '2023-04-04', 0, 13, NULL),
(901, 0, 'ATIF', 'RAHMATULLAH', 'PADARWALA', NULL, NULL, NULL, '2023-04-04', 0, 1, NULL),
(902, 0, 'ABID', 'YUSUF', 'SUNASARA', NULL, NULL, NULL, '2023-04-04', 0, 23, NULL),
(903, 0, 'MAJID', 'A.HAMID', 'SUNASARA', NULL, NULL, NULL, '2023-04-04', 0, 23, NULL),
(904, 0, 'MOHAMMAD', 'A.HAMID', 'SUNASARA', NULL, NULL, NULL, '2023-04-04', 0, 23, NULL),
(905, 0, 'MOHSIN', 'A.RAZZAK', 'SUNASARA', NULL, NULL, NULL, '2023-04-04', 0, 23, NULL),
(906, 0, 'YAKUB', 'UMMAR', 'SUNASARA', NULL, NULL, NULL, '2023-04-04', 0, 23, NULL),
(907, 0, 'ASLAM', 'MO.SULEMAN', 'KAPADIYA', NULL, NULL, NULL, '2023-04-04', 0, 31, NULL),
(908, 0, 'SAEED', 'MO.SULEMAN', 'KAPADIYA', NULL, NULL, NULL, '2023-04-04', 0, 31, NULL),
(909, 0, 'YAKUB', 'IBHRAHIM', 'MAJAN', NULL, NULL, NULL, '2023-04-04', 0, 9, NULL),
(910, 0, 'MAAZ', 'YAKUB', 'MAJAN', NULL, NULL, NULL, '2023-04-04', 0, 9, NULL),
(911, 0, 'UBEDULLAH', 'YAKUB', 'MAJAN', NULL, NULL, NULL, '2023-04-04', 0, 9, NULL),
(912, 0, 'HUSAIN', 'YAKUB', 'MAJAN', NULL, NULL, NULL, '2023-04-04', 0, 9, NULL),
(913, 0, 'ATAULLAH', 'USMAN', 'GULAR', NULL, NULL, NULL, '2023-04-04', 0, 20, NULL),
(914, 0, 'MO.TALHA', 'A.KARIM', 'GAJIWALA', NULL, NULL, NULL, '2023-04-04', 0, 3, NULL),
(915, 0, 'MO.ZAKWAN', 'HA.UMMAR', 'BAGA', NULL, NULL, NULL, '2023-04-04', 0, 7, NULL),
(916, 0, 'ISHAK', 'SULEMAN', 'KHARAWALA', NULL, NULL, NULL, '2023-04-04', 0, 42, NULL),
(917, 0, 'TALAHA', 'ISHAK', 'KHARAWALA', NULL, NULL, NULL, '2023-04-04', 0, 42, NULL),
(918, 0, 'JUBER', 'ISHAK', 'KHARAWALA', NULL, NULL, NULL, '2023-04-04', 0, 42, NULL),
(919, 0, 'OVESH', 'ISHAK', 'KHARAWALA', NULL, NULL, NULL, '2023-04-04', 0, 42, NULL),
(920, 0, 'ZAID', 'ISHAK', 'KHARAWALA', NULL, NULL, NULL, '2023-04-05', 0, 42, NULL),
(921, 0, 'MO.NAFIS', 'ISMAIL', 'SUNASARA', NULL, NULL, NULL, '2023-04-05', 0, 23, NULL),
(922, 0, 'ABID', 'VALLI', 'PADARWALA', NULL, NULL, NULL, '2023-04-05', 0, 1, NULL),
(923, 0, 'AIJAZ', 'HA.IRFAN', 'SUNASARA', NULL, NULL, NULL, '2023-04-05', 0, 23, NULL),
(924, 0, 'HA.IRFAN', 'A.KARIM', 'SUNASARA', NULL, NULL, NULL, '2023-04-05', 0, 23, NULL),
(925, 0, 'SALMAN', 'ABUBAKKAR', 'BAGA', NULL, NULL, NULL, '2023-04-05', 0, 7, NULL),
(926, 0, 'AMMAR', 'A.RAHIM', 'MADHIYA', NULL, NULL, NULL, '2023-04-05', 0, 4, NULL),
(927, 0, 'JAVID', 'ADAM', 'SUNASARA', NULL, NULL, NULL, '2023-04-05', 0, 34, NULL),
(928, 0, 'MUJIBURREHMAN', 'RAEES', 'KADIWAL', NULL, NULL, NULL, '2023-04-06', 0, 14, NULL),
(929, 0, 'IDRIS', 'A.SATTAR', 'MARKANIYA', NULL, NULL, NULL, '2023-04-06', 0, 8, NULL),
(930, 0, 'ANAS', 'IDRIS', 'MARKANIYA', NULL, NULL, NULL, '2023-04-06', 0, 8, NULL),
(931, 0, 'IRSHAD', 'IMRAN', 'GAJIWALA', NULL, NULL, NULL, '2023-04-06', 0, 3, NULL),
(932, 0, 'MO.YUNUS', 'ABBAS', 'MARKANIYA', NULL, NULL, NULL, '2023-04-06', 0, 8, NULL),
(933, 0, 'MO.YUNUS', 'ABBAS', 'MARKANIYA', NULL, NULL, NULL, '2023-04-06', 0, 8, NULL),
(934, 0, 'MO.AHMAD', 'YUNUS', 'MARKANIYA', NULL, NULL, NULL, '2023-04-06', 0, 8, NULL),
(935, 0, 'MO.HASAN', 'JUBER', 'SHELIYA', NULL, NULL, NULL, '2023-03-31', 0, 17, NULL),
(936, 0, 'SULEMAN', 'IBHRAHIM', 'GAJIWALA', NULL, NULL, NULL, '2023-03-31', 0, 3, NULL),
(937, 0, 'TOFIK', 'SULEMAN', 'GAJIWALA', NULL, NULL, NULL, '2023-03-31', 0, 3, NULL),
(938, 0, 'SAUD', 'SULEMAN', 'GAJIWALA', NULL, NULL, NULL, '2023-03-31', 0, 3, NULL),
(939, 0, 'MO.MOHAMMAD', 'SULEMAN', 'GAJIWALA', NULL, NULL, NULL, '2023-03-31', 0, 3, NULL),
(940, 0, 'YASIN', 'IBHRAHIM', 'GAJIWALA', NULL, NULL, NULL, '2023-03-31', 0, 3, NULL),
(941, 0, 'VASIM', 'YASIN', 'GAJIWALA', NULL, NULL, NULL, '2023-03-31', 0, 3, NULL),
(942, 0, 'YUSUF', 'HABIB', 'MADHIYA', NULL, NULL, NULL, '2023-03-31', 0, 4, NULL),
(943, 0, 'NAJIR AHMAD', 'YUSUF', 'MADHIYA', NULL, NULL, NULL, '2023-03-31', 0, 4, NULL),
(944, 0, 'A.HAMID', 'YUSUF', 'MADHIYA', NULL, NULL, NULL, '2023-04-01', 0, 4, NULL),
(945, 0, 'MO.ADNAN', 'A,HAMID', 'MADHIYA', NULL, NULL, NULL, '2023-04-01', 0, 4, NULL),
(946, 0, 'MO.RIJWAN', 'USMAN', 'GARDERA', NULL, NULL, NULL, '2023-04-01', 0, 11, NULL),
(947, 0, 'MOHSIN', 'USMAN', 'GARDERA', NULL, NULL, NULL, '2023-04-01', 0, 11, NULL),
(948, 0, 'A.HASIB', 'YAKUB', 'GARDERA', NULL, NULL, NULL, '2023-04-01', 0, 11, NULL),
(949, 0, 'MUJAHID', 'ISMAIL', 'PATEL', NULL, NULL, NULL, '2023-04-01', 0, 24, NULL),
(950, 0, 'MO.FAHAD', 'ISMAIL', 'PATEL', NULL, NULL, NULL, '2023-04-01', 0, 24, NULL),
(951, 0, 'ABRAR', 'SULEMAN', 'GADHIYA', NULL, NULL, NULL, '2023-04-01', 0, 18, NULL),
(952, 0, 'MO.MUZAMMIL', 'ISMAIL', 'KHADAD', NULL, NULL, NULL, '2023-04-01', 0, 2, NULL),
(953, 0, 'HAMIM', 'MO.MUZAMMIL', 'KHADAD', NULL, NULL, NULL, '2023-04-01', 0, 2, NULL),
(954, 0, 'MO.SALMAN', 'MO.AKBAR', 'BHORANIYA', NULL, NULL, NULL, '2023-04-01', 0, 6, NULL),
(955, 0, 'MO.RIJWAN', 'YUNUS', 'GULAR', NULL, NULL, NULL, '2023-04-01', 0, 20, NULL),
(956, 0, 'MO.IMRAN', 'YUNUS', 'GULAR', NULL, NULL, NULL, '2023-04-01', 0, 20, NULL),
(957, 0, 'MO.MOHAMMAD', 'YUNUS', 'GULAR', NULL, NULL, NULL, '2023-04-01', 0, 20, NULL),
(958, 0, 'AMANULLAH', 'AKBAR', 'KADIWAL', NULL, NULL, NULL, '2023-04-01', 0, 14, NULL),
(959, 0, 'RAEES', 'IBHRAHIM', 'KADIWAL', NULL, NULL, NULL, '2023-04-01', 0, 14, NULL),
(960, 0, 'TAHIR', 'A.SATTAR', 'MARKANIYA', NULL, NULL, NULL, '2023-04-02', 0, 8, NULL),
(961, 0, 'SAAD', 'TAHIR', 'MARKANIYA', NULL, NULL, NULL, '2023-04-02', 0, 8, NULL),
(962, 0, 'HARISH', 'TAHIR', 'MARKANIYA', NULL, NULL, NULL, '2023-04-02', 0, 8, NULL),
(963, 0, 'SHOAIB', 'DAUD', 'MUKHI', NULL, NULL, NULL, '2023-04-02', 0, 43, NULL),
(964, 0, 'SAAD', 'SHOAIB', 'MUKHI', NULL, NULL, NULL, '2023-04-02', 0, 43, NULL),
(965, 0, 'AHMAD', 'MO.YUNUS', 'KHADAD', NULL, NULL, NULL, '2023-04-02', 0, 2, NULL),
(966, 0, 'MO.MOHAMMAD', 'MO.YUNUS', 'KHADAD', NULL, NULL, NULL, '2023-04-02', 0, 2, NULL),
(967, 0, 'SHOAIB', 'SULEMAN', 'ALAD', NULL, NULL, NULL, '2023-04-02', 0, 13, NULL),
(968, 0, 'SALMAN', 'SHOAIB', 'ALAD', NULL, NULL, NULL, '2023-04-02', 0, 13, NULL),
(969, 0, 'SHOBAN', 'SHOAIB', 'ALAD', NULL, NULL, NULL, '2023-04-02', 0, 13, NULL),
(970, 0, 'TOSIF', 'IDRIS', 'SIDHPURA', NULL, NULL, NULL, '2023-04-02', 0, 15, NULL),
(971, 0, 'IRSHAD', 'YASIN', 'JALOTARIYA', NULL, NULL, NULL, '2023-04-02', 0, 22, NULL),
(972, 0, 'MOHAMMAD', 'SULEMAN', 'ALAD', NULL, NULL, NULL, '2023-04-02', 0, 21, NULL),
(973, 0, 'USMAN', 'MO.ISMAIL', 'BAGA', NULL, NULL, NULL, '2023-04-02', 0, 7, NULL),
(974, 0, 'SALMAN', 'A.RASHID', 'BAGA', NULL, NULL, NULL, '2023-04-02', 0, 7, NULL),
(975, 0, 'A.RASHID', 'MO.ISMAIL', 'BAGA', NULL, NULL, NULL, '2023-04-02', 0, 7, NULL),
(976, 0, 'MOHAMMAD', 'UMMAR', 'GULAR', NULL, NULL, NULL, '2023-04-02', 0, 20, NULL),
(977, 0, 'MASUD', 'UMMAR', 'GULAR', NULL, NULL, NULL, '2023-04-02', 0, 20, NULL),
(978, 0, 'JUBER', 'A.KARIM', 'GAJIWALA', NULL, NULL, NULL, '2023-04-02', 0, 3, NULL),
(979, 0, 'MO.BILAL', 'JUBER', 'GAJIWALA', NULL, NULL, NULL, '2023-04-02', 0, 3, NULL),
(980, 0, 'MOHAMMAD', 'JUBER', 'GAJIWALA', NULL, NULL, NULL, '2023-04-02', 0, 3, NULL),
(981, 0, 'MOHSIN', 'YASIN', 'ALAD', NULL, NULL, NULL, '2023-04-02', 0, 13, NULL),
(982, 0, 'ARIF', 'ABUBAKKAR', 'ALAD', NULL, NULL, NULL, '2023-04-02', 0, 13, NULL),
(983, 0, 'MO.INAMULLAH', 'ABUBAKKAR', 'ALAD', NULL, NULL, NULL, '2023-04-02', 0, 13, NULL),
(984, 0, 'RAFIUDDIN', 'ABUBAKKAR', 'ALAD', NULL, NULL, NULL, '2023-04-02', 0, 13, NULL),
(985, 0, 'ABUBAKKAR', 'SULEMAN', 'KHARAWALA', NULL, NULL, NULL, '2023-04-02', 0, 42, NULL),
(986, 0, 'HABIB', 'VALLI', 'GAJIWALA', NULL, NULL, NULL, '2023-03-28', 0, 3, NULL),
(987, 0, 'AMINABEN', 'HABIB', 'GAJIWALA', NULL, NULL, NULL, '2023-03-28', 0, 3, NULL),
(988, 0, 'MOHAMMAD HANIF', 'YUSUF', 'MADHIYA', NULL, NULL, NULL, '2023-03-29', 0, 4, NULL),
(989, 0, 'IBHRAHIM', 'HABIB', 'GAJIWALA', NULL, NULL, NULL, '2023-03-28', 0, 3, NULL),
(990, 0, 'A.KAIYYUM', 'IBHRAHIM', 'GAJIWALA', NULL, NULL, NULL, '2023-03-28', 0, 3, NULL),
(991, 0, 'FARUKABEN', 'A.KAIYYUM', 'GAJIWALA', NULL, NULL, NULL, '2023-03-28', 0, 3, NULL),
(992, 0, 'AHMAD', 'ISMAIL', 'MAJAN', NULL, NULL, NULL, '2023-03-28', 0, 9, NULL),
(993, 0, 'MO.BILAL', 'AHMAD', 'MAJAN', NULL, NULL, NULL, '2023-03-28', 0, 9, NULL),
(994, 0, 'IMTIYAZ', 'AHMAD', 'MAJAN', NULL, NULL, NULL, '2023-03-28', 0, 9, NULL),
(995, 0, 'RIJWAN', 'ABBAS', 'GAJIWALA', NULL, NULL, NULL, '2023-03-28', 0, 3, NULL),
(996, 0, 'IMRAN', 'ABBAS', 'GAJIWALA', NULL, NULL, NULL, '2023-03-28', 0, 3, NULL),
(997, 0, 'SHABBIR', 'SULEMAN', 'ALAD', NULL, NULL, NULL, '2023-03-28', 0, 21, NULL),
(998, 0, 'YUNUS', 'ABDULLAH', 'KHARAWALA', NULL, NULL, NULL, '2023-03-28', 0, 42, NULL),
(999, 0, 'UMER', 'YUSUF', 'KHOKHRA', NULL, NULL, NULL, '2023-03-28', 0, 33, NULL),
(1000, 0, 'MO.SHAHID', 'VAZIR', 'ALAD', NULL, NULL, NULL, '2023-03-28', 0, 21, NULL),
(1001, 0, 'MAAZ', 'ISMAIL', 'SUNASARA', NULL, NULL, NULL, '2023-03-29', 0, 23, NULL),
(1002, 0, 'AHMAD', 'A.RAHIM', 'SHELIYA', NULL, NULL, NULL, '2023-03-29', 0, 17, NULL),
(1003, 0, 'MO.VASIULLAH', 'AHMAD', 'SHELIYA', NULL, NULL, NULL, '2023-03-29', 0, 17, NULL),
(1004, 0, 'MO.RIJWAN', 'ISMAIL', 'SUNASARA VADUVALA', NULL, NULL, NULL, '2023-03-29', 0, 23, NULL),
(1005, 0, 'MO.USMAN', 'IBHRAHIM', 'BHORANIYA', NULL, NULL, NULL, '2023-03-29', 0, 6, NULL),
(1006, 0, 'MOHAMMAD', 'MO.USMAN', 'BHORANIYA', NULL, NULL, NULL, '2023-03-29', 0, 6, NULL),
(1007, 0, 'ABBAS', 'HABIB', 'KHOKHARA', NULL, NULL, NULL, '2023-03-29', 0, 33, NULL),
(1008, 0, 'MO.MOHAMMAD', 'ABBAS', 'KHOKHARA', NULL, NULL, NULL, '2023-03-29', 0, 33, NULL),
(1009, 0, 'MO.SAAD', 'ABBAS', 'KHOKHARA', NULL, NULL, NULL, '2023-03-29', 0, 33, NULL),
(1010, 0, 'AHMAD', 'ABBAS', 'KHOKHARA', NULL, NULL, NULL, '2023-03-29', 0, 33, NULL),
(1011, 0, 'IMTIYAZ', 'YASIN', 'KHOKHARA', NULL, NULL, NULL, '2023-03-29', 0, 33, NULL),
(1012, 0, 'MO.ANIS', 'ABBAS', 'MARKANIYA', NULL, NULL, NULL, '2023-03-29', 0, 33, NULL),
(1013, 0, 'ANIS', 'ISMAIL', 'GAJIWALA', NULL, NULL, NULL, '2023-03-30', 0, 3, NULL),
(1014, 0, 'MO.ZIYAUDDIN', 'DAUD', 'BADARPURA BOGI', NULL, NULL, NULL, '2023-03-30', 0, 32, NULL),
(1016, 0, 'MO.AMMAR', 'IRFAN', 'BHAGALIYA', NULL, NULL, NULL, '2023-03-30', 0, 46, NULL),
(1017, 0, 'RAFIK', 'SULEMAN', 'SHELIYA', NULL, NULL, NULL, '2023-03-30', 0, 17, NULL),
(1018, 0, 'MO.RIYAZ', 'RAFIK', 'SHELIYA', NULL, NULL, NULL, '2023-03-30', 0, 17, NULL),
(1019, 0, 'SIRAJ', 'RAFIK', 'SHELIYA', NULL, NULL, NULL, '2023-03-30', 0, 17, NULL),
(1020, 0, 'MO.SOHEL', 'ABUBAKKAR', 'KHOKHARA', NULL, NULL, NULL, '2023-03-30', 0, 33, NULL),
(1021, 0, 'HARISH', 'ABUBAKKAR', 'KHOKHARA', NULL, NULL, NULL, '2023-03-30', 0, 33, NULL),
(1022, 0, 'RAHMATULLAH', 'A.RAHIM', 'GAJIWALA (HUNA)', NULL, NULL, NULL, '2023-03-31', 0, 3, NULL),
(1023, 0, 'SOHEL', 'RAHMATULLAH', 'GAJIWALA', NULL, NULL, NULL, '2023-03-31', 0, 3, NULL),
(1024, 0, 'MO.JAVVAD', 'ANIS', 'GAJIWALA', NULL, NULL, NULL, '2023-03-31', 0, 3, NULL),
(1025, 0, 'RAFIK', 'HABIB', 'JALOTARIYA', NULL, NULL, NULL, '2023-03-31', 0, 22, NULL),
(1026, 0, 'AFZAL', 'AKBAR', 'SUNASARA', NULL, NULL, NULL, '2023-03-31', 0, 23, NULL),
(1027, 0, 'JAKIR', 'AKBAR', 'SUNASARA', NULL, NULL, NULL, '2023-03-31', 0, 23, NULL),
(1028, 0, 'MAAZ', 'A.REHMAN', 'MAHESANIYA', NULL, NULL, NULL, '2023-03-31', 0, 16, NULL),
(1029, 0, 'MAAZ', 'A.REHMAN', 'MAHESANIYA', NULL, NULL, NULL, '2023-03-31', 0, 16, NULL),
(1030, 0, 'RIJWAN', 'A.REHMAN', 'MAHESANIYA', NULL, NULL, NULL, '2023-03-31', 0, 16, NULL),
(1031, 0, 'MO.HOJEFA', 'A.REHMAN', 'MAHESANIYA', NULL, NULL, NULL, '2023-03-31', 0, 16, NULL),
(1032, 0, 'MO.MOHAMMAD', 'A.REHMAN', 'MAHESANIYA', NULL, NULL, NULL, '2023-03-31', 0, 16, NULL),
(1033, 0, 'HASAN', 'REHMATULLAH', 'GARDERA', NULL, NULL, NULL, '2023-03-31', 0, 11, NULL),
(1034, 0, 'RAFIK', 'GULAM', 'SUNASARA', NULL, NULL, NULL, '2023-03-31', 0, 23, NULL),
(1035, 0, 'JUBER', 'A.RAHIM', 'SHELIYA', NULL, NULL, NULL, '2023-03-31', 0, 17, NULL),
(1036, 0, 'MO.MOHAMMAD', 'JUBER', 'SHELIYA', NULL, NULL, NULL, '2023-03-31', 0, 17, NULL),
(1037, 0, 'ASADULLAH', 'SULEMAN', 'GAJIWALA', NULL, NULL, NULL, '2023-03-24', 0, 3, NULL),
(1038, 0, 'JAVID', 'ASADULLAH', 'GAJIWALA', NULL, NULL, NULL, '2023-03-24', 0, 3, NULL),
(1039, 0, 'MO.MOHAMMAD', 'ASADULLAH', 'GAJIWALA', NULL, NULL, NULL, '2023-03-24', 0, 3, NULL),
(1040, 0, 'AMJADULLAH', 'SULEMAN', 'GAJIWALA', NULL, NULL, NULL, '2023-03-24', 0, 3, NULL),
(1041, 0, 'MO.FARHAN', 'AMJADULLAH', 'GAJIWALA', NULL, NULL, NULL, '2023-03-24', 0, 3, NULL),
(1042, 0, 'SAJID', 'HABIB', 'ALAD DOGAL', NULL, NULL, NULL, '2023-03-24', 0, 13, NULL),
(1043, 0, 'MAJID', 'HABIB ', 'ALAD DOGAL', NULL, NULL, NULL, '2023-03-24', 0, 13, NULL),
(1044, 0, 'IRFAN', 'A.RAHIM', 'ALAD', NULL, NULL, NULL, '2023-03-24', 0, 21, NULL),
(1045, 0, 'MO.FARHAN', 'IRFAN', 'ALAD', NULL, NULL, NULL, '2023-03-24', 0, 21, NULL),
(1046, 0, 'FURKAN', 'IRFAN', 'ALAD', NULL, NULL, NULL, '2023-03-24', 0, 21, NULL),
(1047, 0, 'JUBER', 'SULEMAN', 'BHORANIYA', NULL, NULL, NULL, '2023-03-24', 0, 6, NULL),
(1048, 0, 'MO.MOHAMMAD', 'SULEMAN', 'BHORANIYA', NULL, NULL, NULL, '2023-03-24', 0, 6, NULL),
(1049, 0, 'AHMAD', 'A.RAHIM', 'PADARWALA', NULL, NULL, NULL, '2023-03-24', 0, 1, NULL),
(1050, 0, 'A.BASIT', 'AHMAD', 'PADARWALA', NULL, NULL, NULL, '2023-03-24', 0, 1, NULL),
(1051, 0, 'USAMA', 'AHMAD', 'PADARWALA', NULL, NULL, NULL, '2023-03-24', 0, 1, NULL),
(1052, 0, 'SAJID', 'SULEMAN', 'ALAD', NULL, NULL, NULL, '2023-03-24', 0, 13, NULL),
(1053, 0, 'ASLAM', 'ABBAS', 'KADIWAL', NULL, NULL, NULL, '2023-03-24', 0, 14, NULL),
(1054, 0, 'SHAHID', 'USMAN', 'BHAGALIYA', NULL, NULL, NULL, '2023-03-24', 0, 46, NULL),
(1055, 0, 'MOHSIN', 'USMAN', 'BHAGALIYA', NULL, NULL, NULL, '2023-03-24', 0, 46, NULL),
(1056, 0, 'IMRAN', 'A.RAHIM', 'GAJIWALA', NULL, NULL, NULL, '2023-03-24', 0, 3, NULL),
(1057, 0, 'HANIF', 'RASOOL', 'SUNASARA', NULL, NULL, NULL, '2023-03-24', 0, 23, NULL),
(1058, 0, 'ADNAN', 'HANIF', 'SUNASARA', NULL, NULL, NULL, '2023-03-24', 0, 23, NULL),
(1059, 0, 'ILYAS', 'A.RAHIM', 'GAJIWALA', NULL, NULL, NULL, '2023-03-24', 0, 3, NULL),
(1060, 0, 'MO.JABIR', 'A.RAHIM', 'GAJIWALA', NULL, NULL, NULL, '2023-03-24', 0, 3, NULL),
(1061, 0, 'MO.SAJID', 'A.RAHIM', 'GAJIWALA', NULL, NULL, NULL, '2023-03-24', 0, 3, NULL),
(1062, 0, 'MO.UBEDULLAH', 'SULEMAN', 'GAJIWALA', NULL, NULL, NULL, '2023-03-24', 0, 3, NULL),
(1063, 0, 'YASIN', 'VAZIR', 'ALAD', NULL, NULL, NULL, '2023-03-24', 0, 21, NULL),
(1064, 0, 'SALMAN', 'YASIN', 'ALAD', NULL, NULL, NULL, '2023-03-24', 0, 21, NULL),
(1065, 0, 'SHOAIB', 'SULEMAN', 'SHELIYA', NULL, NULL, NULL, '2023-03-24', 0, 17, NULL),
(1066, 0, 'SHABBIR', 'SULEMAN', 'SHELIYA', NULL, NULL, NULL, '2023-03-24', 0, 17, NULL),
(1067, 0, 'MO.RIJWAN', 'ILYAS', 'KHARAWALA', NULL, NULL, NULL, '2023-03-24', 0, 42, NULL),
(1068, 0, 'RASHID', 'ILYAS', 'KHARAWALA', NULL, NULL, NULL, '2023-03-24', 0, 42, NULL),
(1069, 0, 'ILYAS', 'NOOR MOHAMMAD', 'KHARAWALA', NULL, NULL, NULL, '2023-03-24', 0, 42, NULL),
(1070, 0, 'MOHAMMAD', 'ASHRAF', 'KADIWAL', NULL, NULL, NULL, '2023-03-25', 0, 14, NULL),
(1071, 0, 'ASHRAF', 'ABBAS', 'KADIWAL', NULL, NULL, NULL, '2023-03-25', 0, 14, NULL),
(1072, 0, 'MASUD', 'ISMAIL', 'GADHIYA', NULL, NULL, NULL, '2023-03-25', 0, 18, NULL),
(1073, 0, 'MO.BILAL', 'A.SATTAR', 'MARKANIYA', NULL, NULL, NULL, '2023-03-25', 0, 8, NULL),
(1074, 0, 'MO.SAJJAD', 'ANIS', 'GAJIWALA', NULL, NULL, NULL, '2023-03-25', 0, 3, NULL),
(1075, 0, 'ASHRAF', 'VAZIR', 'ALAD', NULL, NULL, NULL, '2023-03-25', 0, 21, NULL),
(1076, 0, 'JUBER', 'ABDULLAH', 'KHARAWALA', NULL, NULL, NULL, '2023-03-25', 0, 42, NULL),
(1077, 0, 'JUBER', 'HABIB', 'SUNASARA', NULL, NULL, NULL, '2023-03-25', 0, 23, NULL),
(1078, 0, 'SOBAN', 'JUBER', 'SUNASARA', NULL, NULL, NULL, '2023-03-25', 0, 23, NULL),
(1079, 0, 'YAKUB', 'HABIB', 'SUNASARA', NULL, NULL, NULL, '2023-03-25', 0, 23, NULL),
(1080, 0, 'MOHAMMAD', 'YAKUB', 'SUNASARA', NULL, NULL, NULL, '2023-03-26', 0, 23, NULL),
(1081, 0, 'MUSTAKIM', 'YAKUB', 'SUNASARA', NULL, NULL, NULL, '2023-03-26', 0, 23, NULL),
(1082, 0, 'HABIB', 'VAZIR', 'SUNASARA', NULL, NULL, NULL, '2023-03-26', 0, 23, NULL),
(1083, 0, 'MO.MOHAMMAD', 'RAFIAHMAD', 'SUNASARA', NULL, NULL, NULL, '2023-03-26', 0, 23, NULL),
(1084, 0, 'RIYAZ', 'ISMAIL', 'SUNASARA VADU', NULL, NULL, NULL, '2023-03-26', 0, 23, NULL),
(1085, 0, 'RAFIK', 'DAUD', 'SUNASARA', NULL, NULL, NULL, '2023-03-25', 0, 43, NULL),
(1086, 0, 'RIJWAN', 'ISMAIL', 'ALAD', NULL, NULL, NULL, '2023-04-01', 0, 48, NULL),
(1087, 0, 'MO.UMMAR', 'SULEMAN', 'SIDHPURA', NULL, NULL, NULL, '2023-04-01', 0, 48, NULL),
(1088, 0, 'IRFAN', 'SULEMAN', 'SIDHPURA', NULL, NULL, NULL, '2023-04-01', 0, 48, NULL),
(1089, 0, 'MO.SUFIYAN', 'YUSUF', 'PADARWALA', NULL, NULL, NULL, '2023-04-01', 0, 48, NULL),
(1090, 0, 'IMRAN', 'YUSUF', 'PADARWALA', NULL, NULL, NULL, '2023-04-01', 0, 48, NULL),
(1091, 0, 'LUKMAN', 'YUSUF', 'PADARWALA', NULL, NULL, NULL, '2023-04-01', 0, 48, NULL),
(1092, 0, 'MO.RIJWAN', 'YUSUF', 'PADARWALA', NULL, NULL, NULL, '2023-04-01', 0, 48, NULL),
(1093, 0, 'IMRAN', 'ABDUL', 'GARDERA', NULL, NULL, NULL, '2023-04-01', 0, 48, NULL),
(1094, 0, 'RAFIK', 'IBHRAHIM', 'BADARPURA', NULL, NULL, NULL, '2023-04-01', 0, 48, NULL),
(1095, 0, 'A.KHALID', 'ADAM', 'KHADAD', NULL, NULL, NULL, '2023-04-01', 0, 48, NULL),
(1096, 0, 'MO.JAMALUDDIN', 'JANMOHAMMAD', 'BADARPURA', NULL, NULL, NULL, '2023-04-01', 0, 48, NULL),
(1097, 0, 'MO.NAZIR', 'MO.JAMALUDDIN', 'BADARPURA', NULL, NULL, NULL, '2023-04-01', 0, 48, NULL),
(1098, 0, 'SAEED', 'MO.JAMALUDDIN', 'BADARPURA', NULL, NULL, NULL, '2023-04-01', 0, 48, NULL),
(1099, 0, 'MO.ABDUL RASHID', 'MO.JAMALUDDIN', 'BADARPURA', NULL, NULL, NULL, '2023-04-01', 0, 48, NULL),
(1100, 0, 'MO.HUSAINAHMAD', 'MO.JAMALUDDIN', 'BADARPURA', NULL, NULL, NULL, '2023-04-01', 0, 48, NULL),
(1101, 0, 'SHABBIR', 'MO.JAMALUDDIN', 'BADARPURA', NULL, NULL, NULL, '2023-04-01', 0, 48, NULL),
(1102, 0, 'JAKIR', 'SHABBIR', 'BADARPURA', NULL, NULL, NULL, '2023-04-01', 0, 48, NULL),
(1103, 0, 'BASHIR', 'MO.JAMALUDDIN', 'BADARPURA', NULL, NULL, NULL, '2023-04-01', 0, 48, NULL),
(1104, 0, 'SAFVAN', 'BASHIR', 'BADARPURA', NULL, NULL, NULL, '2023-04-01', 0, 48, NULL),
(1105, 0, 'SALMAN', 'BASHIR', 'BADARPURA', NULL, NULL, NULL, '2023-04-01', 0, 48, NULL),
(1106, 0, 'SUFIYAN', 'A.HAQQ', 'SUNASARA', NULL, NULL, NULL, '2023-04-01', 0, 48, NULL),
(1107, 0, 'SALMAN', 'A.HAQQ', 'SUNASARA', NULL, NULL, NULL, '2023-04-01', 0, 48, NULL),
(1108, 0, 'MOHAMMAD', 'AHMAD', 'GULAR', NULL, NULL, NULL, '2023-04-01', 0, 48, NULL),
(1109, 0, 'AHMAD', 'GULAM', 'GULAR', NULL, NULL, NULL, '2023-04-01', 0, 48, NULL),
(1110, 0, 'MO.HANIF', 'ADAM', 'GADHIYA', NULL, NULL, NULL, '2023-04-01', 0, 48, NULL),
(1111, 0, 'A.HAMID', 'ADAM', 'GADHIYA', NULL, NULL, NULL, '2023-04-01', 0, 48, NULL),
(1112, 0, 'ZIYAUDDIN', 'ABBAS', 'JETHRA', NULL, NULL, NULL, '2023-04-01', 0, 48, NULL),
(1113, 0, 'HARUN', 'ADAM', 'GADHIYA', ' ', '', '', '2023-04-01', 0, 48, NULL);

-- --------------------------------------------------------

--
-- Table structure for table `payment`
--

CREATE TABLE `payment` (
  `id` double NOT NULL,
  `member_id` double NOT NULL,
  `roll_no` double NOT NULL,
  `pay_amount` double NOT NULL,
  `collected_by` varchar(50) NOT NULL,
  `book_no` double NOT NULL,
  `voucher_no` double NOT NULL,
  `payment_date` date NOT NULL
) ENGINE=InnoDB DEFAULT CHARSET=utf8mb4;

--
-- Dumping data for table `payment`
--

INSERT INTO `payment` (`id`, `member_id`, `roll_no`, `pay_amount`, `collected_by`, `book_no`, `voucher_no`, `payment_date`) VALUES
(64, 102, 0, 2000, 'CASH', 1, 11, '0023-03-26');

-- --------------------------------------------------------

--
-- Table structure for table `yearly_income`
--

CREATE TABLE `yearly_income` (
  `id` int(11) NOT NULL,
  `amount` double NOT NULL,
  `year_date` date NOT NULL
) ENGINE=InnoDB DEFAULT CHARSET=utf8mb4;

--
-- Dumping data for table `yearly_income`
--

INSERT INTO `yearly_income` (`id`, `amount`, `year_date`) VALUES
(3, 2000, '2023-04-09'),
(5, 2000, '2023-07-22');

--
-- Indexes for dumped tables
--

--
-- Indexes for table `clan`
--
ALTER TABLE `clan`
  ADD PRIMARY KEY (`id`);

--
-- Indexes for table `expense_category`
--
ALTER TABLE `expense_category`
  ADD PRIMARY KEY (`id`);

--
-- Indexes for table `expense_master`
--
ALTER TABLE `expense_master`
  ADD PRIMARY KEY (`id`),
  ADD KEY `expense_category` (`category_id`);

--
-- Indexes for table `income_category`
--
ALTER TABLE `income_category`
  ADD PRIMARY KEY (`id`);

--
-- Indexes for table `income_master`
--
ALTER TABLE `income_master`
  ADD PRIMARY KEY (`id`),
  ADD KEY `income_fk` (`category_id`);

--
-- Indexes for table `member`
--
ALTER TABLE `member`
  ADD PRIMARY KEY (`id`),
  ADD KEY `clanid` (`clanid`);

--
-- Indexes for table `payment`
--
ALTER TABLE `payment`
  ADD PRIMARY KEY (`id`),
  ADD KEY `member_id` (`member_id`),
  ADD KEY `roll_no` (`roll_no`);

--
-- Indexes for table `yearly_income`
--
ALTER TABLE `yearly_income`
  ADD PRIMARY KEY (`id`);

--
-- AUTO_INCREMENT for dumped tables
--

--
-- AUTO_INCREMENT for table `clan`
--
ALTER TABLE `clan`
  MODIFY `id` int(11) NOT NULL AUTO_INCREMENT, AUTO_INCREMENT=51;

--
-- AUTO_INCREMENT for table `expense_category`
--
ALTER TABLE `expense_category`
  MODIFY `id` int(11) NOT NULL AUTO_INCREMENT, AUTO_INCREMENT=7;

--
-- AUTO_INCREMENT for table `expense_master`
--
ALTER TABLE `expense_master`
  MODIFY `id` int(11) NOT NULL AUTO_INCREMENT, AUTO_INCREMENT=11;

--
-- AUTO_INCREMENT for table `income_category`
--
ALTER TABLE `income_category`
  MODIFY `id` int(11) NOT NULL AUTO_INCREMENT, AUTO_INCREMENT=7;

--
-- AUTO_INCREMENT for table `income_master`
--
ALTER TABLE `income_master`
  MODIFY `id` int(11) NOT NULL AUTO_INCREMENT, AUTO_INCREMENT=4;

--
-- AUTO_INCREMENT for table `member`
--
ALTER TABLE `member`
  MODIFY `id` double NOT NULL AUTO_INCREMENT, AUTO_INCREMENT=1122;

--
-- AUTO_INCREMENT for table `payment`
--
ALTER TABLE `payment`
  MODIFY `id` double NOT NULL AUTO_INCREMENT, AUTO_INCREMENT=1060;

--
-- AUTO_INCREMENT for table `yearly_income`
--
ALTER TABLE `yearly_income`
  MODIFY `id` int(11) NOT NULL AUTO_INCREMENT, AUTO_INCREMENT=6;

--
-- Constraints for dumped tables
--

--
-- Constraints for table `expense_master`
--
ALTER TABLE `expense_master`
  ADD CONSTRAINT `expense_category` FOREIGN KEY (`category_id`) REFERENCES `expense_category` (`id`) ON DELETE CASCADE ON UPDATE CASCADE;

--
-- Constraints for table `income_master`
--
ALTER TABLE `income_master`
  ADD CONSTRAINT `income_fk` FOREIGN KEY (`category_id`) REFERENCES `income_category` (`id`) ON DELETE CASCADE ON UPDATE CASCADE;

--
-- Constraints for table `member`
--
ALTER TABLE `member`
  ADD CONSTRAINT `member_ibfk_1` FOREIGN KEY (`clanid`) REFERENCES `clan` (`id`);

--
-- Constraints for table `payment`
--
ALTER TABLE `payment`
  ADD CONSTRAINT `payment_ibfk_1` FOREIGN KEY (`member_id`) REFERENCES `member` (`id`);
COMMIT;

/*!40101 SET CHARACTER_SET_CLIENT=@OLD_CHARACTER_SET_CLIENT */;
/*!40101 SET CHARACTER_SET_RESULTS=@OLD_CHARACTER_SET_RESULTS */;
/*!40101 SET COLLATION_CONNECTION=@OLD_COLLATION_CONNECTION */;
